Date,Trial_ID,Observer,Water_temperature_holding_tank,Tank,Assay_temperature,Sample,Starting_time,Time_to_death,Exclude,Notes
25/06/2025,TDT_SL_001,PP/LP/LK/MT,16.7,6,30.5,A1,10:10:55 AM,10:36:17 AM,yes,EXCLUDE - not all individuals reached their Ctmax before the end of the measurement period (12h)
25/06/2025,TDT_SL_001,PP/LP/LK/MT,16.7,6,30.5,A1,10:10:55 AM,10:37:03 AM,yes,EXCLUDE - not all individuals reached their Ctmax before the end of the measurement period (12h)
25/06/2025,TDT_SL_001,PP/LP/LK/MT,16.7,6,30.5,A1,10:10:55 AM,11:59:45 AM,yes,EXCLUDE - not all individuals reached their Ctmax before the end of the measurement period (12h)
25/06/2025,TDT_SL_001,PP/LP/LK/MT,16.7,6,30.5,A1,10:10:55 AM,4:53:20 PM,yes,EXCLUDE - not all individuals reached their Ctmax before the end of the measurement period (12h)
25/06/2025,TDT_SL_001,PP/LP/LK/MT,16.7,6,30.5,A1,10:10:55 AM,NA,yes,EXCLUDE - not all individuals reached their Ctmax before the end of the measurement period (12h). Reached CTmax betweem 22:47:50 and 7:24:00
25/06/2025,TDT_SL_001,PP/LP/LK/MT,16.7,6,30.5,B1,10:10:55 AM,10:25:00 AM,yes,EXCLUDE - not all individuals reached their Ctmax before the end of the measurement period (12h)
25/06/2025,TDT_SL_001,PP/LP/LK/MT,16.7,6,30.5,B1,10:10:55 AM,10:29:33 AM,yes,EXCLUDE - not all individuals reached their Ctmax before the end of the measurement period (12h)
25/06/2025,TDT_SL_001,PP/LP/LK/MT,16.7,6,30.5,B1,10:10:55 AM,10:29:33 AM,yes,EXCLUDE - not all individuals reached their Ctmax before the end of the measurement period (12h)
25/06/2025,TDT_SL_001,PP/LP/LK/MT,16.7,6,30.5,B1,10:10:55 AM,1:29:30 PM,yes,EXCLUDE - not all individuals reached their Ctmax before the end of the measurement period (12h)
25/06/2025,TDT_SL_001,PP/LP/LK/MT,16.7,6,30.5,B1,10:10:55 AM,2:58:55 PM,yes,EXCLUDE - not all individuals reached their Ctmax before the end of the measurement period (12h)
25/06/2025,TDT_SL_001,PP/LP/LK/MT,16.7,6,30.5,C1,10:10:55 AM,10:45:11 AM,yes,EXCLUDE - not all individuals reached their Ctmax before the end of the measurement period (12h)
25/06/2025,TDT_SL_001,PP/LP/LK/MT,16.7,6,30.5,C1,10:10:55 AM,10:51:50 AM,yes,EXCLUDE - not all individuals reached their Ctmax before the end of the measurement period (12h)
25/06/2025,TDT_SL_001,PP/LP/LK/MT,16.7,6,30.5,C1,10:10:55 AM,11:25:25 AM,yes,EXCLUDE - not all individuals reached their Ctmax before the end of the measurement period (12h)
25/06/2025,TDT_SL_001,PP/LP/LK/MT,16.7,6,30.5,C1,10:10:55 AM,12:40:10 PM,yes,EXCLUDE - not all individuals reached their Ctmax before the end of the measurement period (12h)
25/06/2025,TDT_SL_001,PP/LP/LK/MT,16.7,6,30.5,C1,10:10:55 AM,NA,yes,EXCLUDE - not all individuals reached their Ctmax before the end of the measurement period (12h). Survived beyond 7:24:00 the next day.
25/06/2025,TDT_SL_001,PP/LP/LK/MT,16.7,5,30.5,A2,10:11:28 AM,11:09:27 AM,yes,EXCLUDE - not all individuals reached their Ctmax before the end of the measurement period (12h)
25/06/2025,TDT_SL_001,PP/LP/LK/MT,16.7,5,30.5,A2,10:11:28 AM,11:31:22 AM,yes,EXCLUDE - not all individuals reached their Ctmax before the end of the measurement period (12h)
25/06/2025,TDT_SL_001,PP/LP/LK/MT,16.7,5,30.5,A2,10:11:28 AM,11:56:10 AM,yes,EXCLUDE - not all individuals reached their Ctmax before the end of the measurement period (12h)
25/06/2025,TDT_SL_001,PP/LP/LK/MT,16.7,5,30.5,A2,10:11:28 AM,NA,yes,EXCLUDE - not all individuals reached their Ctmax before the end of the measurement period (12h). One was missed during the trial.
25/06/2025,TDT_SL_001,PP/LP/LK/MT,16.7,5,30.5,A2,10:11:28 AM,NA,yes,EXCLUDE - not all individuals reached their Ctmax before the end of the measurement period (12h). Survived beyond 7:24:00 the next day.
25/06/2025,TDT_SL_001,PP/LP/LK/MT,16.7,5,30.5,B2,10:11:28 AM,11:01:18 AM,yes,EXCLUDE - not all individuals reached their Ctmax before the end of the measurement period (12h)
25/06/2025,TDT_SL_001,PP/LP/LK/MT,16.7,5,30.5,B2,10:11:28 AM,11:29:27 AM,yes,EXCLUDE - not all individuals reached their Ctmax before the end of the measurement period (12h)
25/06/2025,TDT_SL_001,PP/LP/LK/MT,16.7,5,30.5,B2,10:11:28 AM,1:38:15 PM,yes,EXCLUDE - not all individuals reached their Ctmax before the end of the measurement period (12h)
25/06/2025,TDT_SL_001,PP/LP/LK/MT,16.7,5,30.5,B2,10:11:28 AM,2:43:45 PM,yes,EXCLUDE - not all individuals reached their Ctmax before the end of the measurement period (12h)
25/06/2025,TDT_SL_001,PP/LP/LK/MT,16.7,5,30.5,B2,10:11:28 AM,6:13:13 PM,yes,EXCLUDE - not all individuals reached their Ctmax before the end of the measurement period (12h)
25/06/2025,TDT_SL_001,PP/LP/LK/MT,16.7,5,30.5,C2,10:11:28 AM,10:28:25 AM,yes,EXCLUDE - not all individuals reached their Ctmax before the end of the measurement period (12h)
25/06/2025,TDT_SL_001,PP/LP/LK/MT,16.7,5,30.5,C2,10:11:28 AM,11:20:55 AM,yes,EXCLUDE - not all individuals reached their Ctmax before the end of the measurement period (12h)
25/06/2025,TDT_SL_001,PP/LP/LK/MT,16.7,5,30.5,C2,10:11:28 AM,11:59:25 AM,yes,EXCLUDE - not all individuals reached their Ctmax before the end of the measurement period (12h)
25/06/2025,TDT_SL_001,PP/LP/LK/MT,16.7,5,30.5,C2,10:11:28 AM,NA,yes,EXCLUDE - not all individuals reached their Ctmax before the end of the measurement period (12h). Reached CTmax betweem 22:47:50 and 7:24:00
25/06/2025,TDT_SL_001,PP/LP/LK/MT,16.7,5,30.5,C2,10:11:28 AM,NA,yes,EXCLUDE - not all individuals reached their Ctmax before the end of the measurement period (12h). Reached CTmax betweem 22:47:50 and 7:24:00
25/06/2025,TDT_SL_001,PP/LP/LK/MT,16.7,4,30.6,A,10:11:50 AM,11:00:08 AM,yes,"EXCLUDE - target temperature was 31.0C, but it was measured as 30.6 during trial. Not sure if the temperature was always too consistent since the thermostat needed calibration."
25/06/2025,TDT_SL_001,PP/LP/LK/MT,16.7,4,30.6,A,10:11:50 AM,11:52:24 AM,yes,"EXCLUDE - target temperature was 31.0C, but it was measured as 30.6 during trial. Not sure if the temperature was always too consistent since the thermostat needed calibration."
25/06/2025,TDT_SL_001,PP/LP/LK/MT,16.7,4,30.6,A,10:11:50 AM,12:20:11 PM,yes,"EXCLUDE - target temperature was 31.0C, but it was measured as 30.6 during trial. Not sure if the temperature was always too consistent since the thermostat needed calibration."
25/06/2025,TDT_SL_001,PP/LP/LK/MT,16.7,4,30.6,A,10:11:50 AM,5:35:30 PM,yes,"EXCLUDE - target temperature was 31.0C, but it was measured as 30.6 during trial. Not sure if the temperature was always too consistent since the thermostat needed calibration."
25/06/2025,TDT_SL_001,PP/LP/LK/MT,16.7,4,30.6,A,10:11:50 AM,5:37:25 PM,yes,"EXCLUDE - target temperature was 31.0C, but it was measured as 30.6 during trial. Not sure if the temperature was always too consistent since the thermostat needed calibration."
25/06/2025,TDT_SL_001,PP/LP/LK/MT,16.7,4,30.6,B,10:11:50 AM,10:57:05 AM,yes,"EXCLUDE - target temperature was 31.0C, but it was measured as 30.6 during trial. Not sure if the temperature was always too consistent since the thermostat needed calibration."
25/06/2025,TDT_SL_001,PP/LP/LK/MT,16.7,4,30.6,B,10:11:50 AM,11:13:07 AM,yes,"EXCLUDE - target temperature was 31.0C, but it was measured as 30.6 during trial. Not sure if the temperature was always too consistent since the thermostat needed calibration."
25/06/2025,TDT_SL_001,PP/LP/LK/MT,16.7,4,30.6,B,10:11:50 AM,11:13:09 AM,yes,"EXCLUDE - target temperature was 31.0C, but it was measured as 30.6 during trial. Not sure if the temperature was always too consistent since the thermostat needed calibration."
25/06/2025,TDT_SL_001,PP/LP/LK/MT,16.7,4,30.6,B,10:11:50 AM,11:33:37 AM,yes,"EXCLUDE - target temperature was 31.0C, but it was measured as 30.6 during trial. Not sure if the temperature was always too consistent since the thermostat needed calibration."
25/06/2025,TDT_SL_001,PP/LP/LK/MT,16.7,4,30.6,B,10:11:50 AM,12:19:07 PM,yes,"EXCLUDE - target temperature was 31.0C, but it was measured as 30.6 during trial. Not sure if the temperature was always too consistent since the thermostat needed calibration."
25/06/2025,TDT_SL_001,PP/LP/LK/MT,16.7,4,30.6,C,10:11:50 AM,10:57:37 AM,yes,"EXCLUDE - target temperature was 31.0C, but it was measured as 30.6 during trial. Not sure if the temperature was always too consistent since the thermostat needed calibration."
25/06/2025,TDT_SL_001,PP/LP/LK/MT,16.7,4,30.6,C,10:11:50 AM,10:58:42 AM,yes,"EXCLUDE - target temperature was 31.0C, but it was measured as 30.6 during trial. Not sure if the temperature was always too consistent since the thermostat needed calibration."
25/06/2025,TDT_SL_001,PP/LP/LK/MT,16.7,4,30.6,C,10:11:50 AM,10:59:18 AM,yes,"EXCLUDE - target temperature was 31.0C, but it was measured as 30.6 during trial. Not sure if the temperature was always too consistent since the thermostat needed calibration."
25/06/2025,TDT_SL_001,PP/LP/LK/MT,16.7,4,30.6,C,10:11:50 AM,4:30:18 PM,yes,"EXCLUDE - target temperature was 31.0C, but it was measured as 30.6 during trial. Not sure if the temperature was always too consistent since the thermostat needed calibration."
25/06/2025,TDT_SL_001,PP/LP/LK/MT,16.7,4,30.6,C,10:11:50 AM,10:43:20 PM,yes,"EXCLUDE - target temperature was 31.0C, but it was measured as 30.6 during trial. Not sure if the temperature was always too consistent since the thermostat needed calibration."
25/06/2025,TDT_SL_001,PP/LP/LK/MT,16.7,3,31.5,A,10:22:40 AM,10:36:04 AM,no,NA
25/06/2025,TDT_SL_001,PP/LP/LK/MT,16.7,3,31.5,A,10:22:40 AM,10:50:46 AM,no,NA
25/06/2025,TDT_SL_001,PP/LP/LK/MT,16.7,3,31.5,A,10:22:40 AM,10:51:37 AM,no,NA
25/06/2025,TDT_SL_001,PP/LP/LK/MT,16.7,3,31.5,A,10:22:40 AM,11:12:21 AM,no,NA
25/06/2025,TDT_SL_001,PP/LP/LK/MT,16.7,3,31.5,A,10:22:40 AM,11:26:29 AM,no,NA
25/06/2025,TDT_SL_001,PP/LP/LK/MT,16.7,3,31.5,B,10:22:40 AM,10:30:42 AM,no,NA
25/06/2025,TDT_SL_001,PP/LP/LK/MT,16.7,3,31.5,B,10:22:40 AM,10:31:54 AM,no,NA
25/06/2025,TDT_SL_001,PP/LP/LK/MT,16.7,3,31.5,B,10:22:40 AM,10:36:58 AM,no,NA
25/06/2025,TDT_SL_001,PP/LP/LK/MT,16.7,3,31.5,B,10:22:40 AM,10:37:47 AM,no,NA
25/06/2025,TDT_SL_001,PP/LP/LK/MT,16.7,3,31.5,B,10:22:40 AM,11:09:42 AM,no,NA
25/06/2025,TDT_SL_001,PP/LP/LK/MT,16.7,3,31.5,C,10:22:40 AM,10:35:19 AM,no,NA
25/06/2025,TDT_SL_001,PP/LP/LK/MT,16.7,3,31.5,C,10:22:40 AM,10:35:19 AM,no,NA
25/06/2025,TDT_SL_001,PP/LP/LK/MT,16.7,3,31.5,C,10:22:40 AM,11:08:30 AM,no,NA
25/06/2025,TDT_SL_001,PP/LP/LK/MT,16.7,3,31.5,C,10:22:40 AM,11:16:28 AM,no,NA
25/06/2025,TDT_SL_001,PP/LP/LK/MT,16.7,3,31.5,C,10:22:40 AM,11:17:09 AM,no,NA
25/06/2025,TDT_SL_001,PP/LP/LK/MT,16.7,2,32,A,10:23:15 AM,10:25:25 AM,no,NA
25/06/2025,TDT_SL_001,PP/LP/LK/MT,16.7,2,32,A,10:23:15 AM,10:44:08 AM,no,NA
25/06/2025,TDT_SL_001,PP/LP/LK/MT,16.7,2,32,A,10:23:15 AM,10:56:05 AM,no,NA
25/06/2025,TDT_SL_001,PP/LP/LK/MT,16.7,2,32,A,10:23:15 AM,11:21:48 AM,no,NA
25/06/2025,TDT_SL_001,PP/LP/LK/MT,16.7,2,32,A,10:23:15 AM,11:32:30 AM,no,NA
25/06/2025,TDT_SL_001,PP/LP/LK/MT,16.7,2,32,B,10:23:15 AM,10:26:31 AM,no,NA
25/06/2025,TDT_SL_001,PP/LP/LK/MT,16.7,2,32,B,10:23:15 AM,10:49:14 AM,no,NA
25/06/2025,TDT_SL_001,PP/LP/LK/MT,16.7,2,32,B,10:23:15 AM,10:51:14 AM,no,NA
25/06/2025,TDT_SL_001,PP/LP/LK/MT,16.7,2,32,B,10:23:15 AM,10:54:13 AM,no,NA
25/06/2025,TDT_SL_001,PP/LP/LK/MT,16.7,2,32,B,10:23:15 AM,10:59:46 AM,no,NA
25/06/2025,TDT_SL_001,PP/LP/LK/MT,16.7,2,32,C,10:23:15 AM,10:34:09 AM,no,NA
25/06/2025,TDT_SL_001,PP/LP/LK/MT,16.7,2,32,C,10:23:15 AM,10:36:49 AM,no,NA
25/06/2025,TDT_SL_001,PP/LP/LK/MT,16.7,2,32,C,10:23:15 AM,10:39:08 AM,no,NA
25/06/2025,TDT_SL_001,PP/LP/LK/MT,16.7,2,32,C,10:23:15 AM,11:06:01 AM,no,NA
25/06/2025,TDT_SL_001,PP/LP/LK/MT,16.7,2,32,C,10:23:15 AM,11:50:56 AM,no,NA
25/06/2025,TDT_SL_001,PP/LP/LK/MT,16.7,1,32.5,A,10:23:53 AM,10:36:20 AM,no,NA
25/06/2025,TDT_SL_001,PP/LP/LK/MT,16.7,1,32.5,A,10:23:53 AM,10:37:39 AM,no,NA
25/06/2025,TDT_SL_001,PP/LP/LK/MT,16.7,1,32.5,A,10:23:53 AM,10:45:47 AM,no,NA
25/06/2025,TDT_SL_001,PP/LP/LK/MT,16.7,1,32.5,A,10:23:53 AM,10:49:56 AM,no,NA
25/06/2025,TDT_SL_001,PP/LP/LK/MT,16.7,1,32.5,A,10:23:53 AM,10:52:00 AM,no,NA
25/06/2025,TDT_SL_001,PP/LP/LK/MT,16.7,1,32.5,B,10:23:53 AM,10:30:55 AM,no,NA
25/06/2025,TDT_SL_001,PP/LP/LK/MT,16.7,1,32.5,B,10:23:53 AM,10:39:14 AM,no,NA
25/06/2025,TDT_SL_001,PP/LP/LK/MT,16.7,1,32.5,B,10:23:53 AM,10:47:57 AM,no,NA
25/06/2025,TDT_SL_001,PP/LP/LK/MT,16.7,1,32.5,B,10:23:53 AM,10:53:54 AM,no,NA
25/06/2025,TDT_SL_001,PP/LP/LK/MT,16.7,1,32.5,B,10:23:53 AM,11:00:52 AM,no,NA
25/06/2025,TDT_SL_001,PP/LP/LK/MT,16.7,1,32.5,C,10:23:53 AM,10:29:51 AM,no,NA
25/06/2025,TDT_SL_001,PP/LP/LK/MT,16.7,1,32.5,C,10:23:53 AM,10:32:43 AM,no,NA
25/06/2025,TDT_SL_001,PP/LP/LK/MT,16.7,1,32.5,C,10:23:53 AM,10:33:16 AM,no,NA
25/06/2025,TDT_SL_001,PP/LP/LK/MT,16.7,1,32.5,C,10:23:53 AM,10:33:16 AM,no,NA
25/06/2025,TDT_SL_001,PP/LP/LK/MT,16.7,1,32.5,C,10:23:53 AM,10:51:50 AM,no,NA
26/06/2025,TDT_SL_002,PP/LP/AB,16.5,5,31,A1,10:23:08 AM,10:31:54 AM,no,NA
26/06/2025,TDT_SL_002,PP/LP/AB,16.5,5,31,A1,10:23:08 AM,10:40:10 AM,no,NA
26/06/2025,TDT_SL_002,PP/LP/AB,16.5,5,31,A1,10:23:08 AM,12:44:10 PM,no,NA
26/06/2025,TDT_SL_002,PP/LP/AB,16.5,5,31,A1,10:23:08 AM,2:06:23 PM,no,NA
26/06/2025,TDT_SL_002,PP/LP/AB,16.5,5,31,A1,10:23:08 AM,3:51:25 PM,no,NA
26/06/2025,TDT_SL_002,PP/LP/AB,16.5,5,31,B1,10:23:08 AM,11:39:40 AM,no,NA
26/06/2025,TDT_SL_002,PP/LP/AB,16.5,5,31,B1,10:23:08 AM,1:17:30 PM,no,NA
26/06/2025,TDT_SL_002,PP/LP/AB,16.5,5,31,B1,10:23:08 AM,1:40:00 PM,no,NA
26/06/2025,TDT_SL_002,PP/LP/AB,16.5,5,31,B1,10:23:08 AM,3:27:00 PM,no,NA
26/06/2025,TDT_SL_002,PP/LP/AB,16.5,5,31,B1,10:23:08 AM,4:28:19 PM,no,NA
26/06/2025,TDT_SL_002,PP/LP/AB,16.5,5,31,C1,10:23:08 AM,10:46:25 AM,no,NA
26/06/2025,TDT_SL_002,PP/LP/AB,16.5,5,31,C1,10:23:08 AM,1:00:05 PM,no,NA
26/06/2025,TDT_SL_002,PP/LP/AB,16.5,5,31,C1,10:23:08 AM,1:04:10 PM,no,NA
26/06/2025,TDT_SL_002,PP/LP/AB,16.5,5,31,C1,10:23:08 AM,1:53:30 PM,no,NA
26/06/2025,TDT_SL_002,PP/LP/AB,16.5,5,31,C1,10:23:08 AM,3:01:54 PM,no,NA
26/06/2025,TDT_SL_002,PP/LP/AB,16.5,6,31,A2,10:23:08 AM,10:59:38 AM,no,NA
26/06/2025,TDT_SL_002,PP/LP/AB,16.5,6,31,A2,10:23:08 AM,11:31:50 AM,no,NA
26/06/2025,TDT_SL_002,PP/LP/AB,16.5,6,31,A2,10:23:08 AM,1:47:20 PM,no,NA
26/06/2025,TDT_SL_002,PP/LP/AB,16.5,6,31,A2,10:23:08 AM,2:00:47 PM,no,NA
26/06/2025,TDT_SL_002,PP/LP/AB,16.5,6,31,A2,10:23:08 AM,3:52:12 PM,no,NA
26/06/2025,TDT_SL_002,PP/LP/AB,16.5,6,31,B2,10:23:08 AM,10:29:09 AM,no,NA
26/06/2025,TDT_SL_002,PP/LP/AB,16.5,6,31,B2,10:23:08 AM,12:15:35 PM,no,NA
26/06/2025,TDT_SL_002,PP/LP/AB,16.5,6,31,B2,10:23:08 AM,1:16:20 PM,no,NA
26/06/2025,TDT_SL_002,PP/LP/AB,16.5,6,31,B2,10:23:08 AM,1:56:00 PM,no,NA
26/06/2025,TDT_SL_002,PP/LP/AB,16.5,6,31,B2,10:23:08 AM,4:40:25 PM,no,NA
26/06/2025,TDT_SL_002,PP/LP/AB,16.5,6,31,C2,10:23:08 AM,11:26:12 AM,no,NA
26/06/2025,TDT_SL_002,PP/LP/AB,16.5,6,31,C2,10:23:08 AM,1:30:25 PM,no,NA
26/06/2025,TDT_SL_002,PP/LP/AB,16.5,6,31,C2,10:23:08 AM,2:18:16 PM,no,NA
26/06/2025,TDT_SL_002,PP/LP/AB,16.5,6,31,C2,10:23:08 AM,2:18:55 PM,no,NA
26/06/2025,TDT_SL_002,PP/LP/AB,16.5,6,31,C2,10:23:08 AM,3:10:11 PM,no,NA
26/06/2025,TDT_SL_002,PP/LP/AB,16.5,4,31.5,A,10:39:20 AM,11:20:15 AM,no,NA
26/06/2025,TDT_SL_002,PP/LP/AB,16.5,4,31.5,A,10:39:20 AM,11:34:25 AM,no,NA
26/06/2025,TDT_SL_002,PP/LP/AB,16.5,4,31.5,A,10:39:20 AM,12:26:09 PM,no,NA
26/06/2025,TDT_SL_002,PP/LP/AB,16.5,4,31.5,A,10:39:20 AM,1:46:20 PM,no,NA
26/06/2025,TDT_SL_002,PP/LP/AB,16.5,4,31.5,A,10:39:20 AM,NA,yes,The time to death for one individual was not recorded.
26/06/2025,TDT_SL_002,PP/LP/AB,16.5,4,31.5,B,10:39:20 AM,10:46:50 AM,no,NA
26/06/2025,TDT_SL_002,PP/LP/AB,16.5,4,31.5,B,10:39:20 AM,10:48:18,no,NA
26/06/2025,TDT_SL_002,PP/LP/AB,16.5,4,31.5,B,10:39:20 AM,11:06:39,no,NA
26/06/2025,TDT_SL_002,PP/LP/AB,16.5,4,31.5,B,10:39:20 AM,12:26:24,no,NA
26/06/2025,TDT_SL_002,PP/LP/AB,16.5,4,31.5,B,10:39:20 AM,13:03:00,no,NA
26/06/2025,TDT_SL_002,PP/LP/AB,16.5,4,31.5,C,10:39:20 AM,11:40:50,no,NA
26/06/2025,TDT_SL_002,PP/LP/AB,16.5,4,31.5,C,10:39:20 AM,11:44:45 AM,no,NA
26/06/2025,TDT_SL_002,PP/LP/AB,16.5,4,31.5,C,10:39:20 AM,11:49:14 AM,no,NA
26/06/2025,TDT_SL_002,PP/LP/AB,16.5,4,31.5,C,10:39:20 AM,12:52:48 PM,no,NA
26/06/2025,TDT_SL_002,PP/LP/AB,16.5,4,31.5,C,10:39:20 AM,1:17:56 PM,no,NA
26/06/2025,TDT_SL_002,PP/LP/AB,16.5,3,32,A,10:39:20 AM,10:39:54 AM,no,NA
26/06/2025,TDT_SL_002,PP/LP/AB,16.5,3,32,A,10:39:20 AM,10:59:45 AM,no,NA
26/06/2025,TDT_SL_002,PP/LP/AB,16.5,3,32,A,10:39:20 AM,11:12:57 AM,no,NA
26/06/2025,TDT_SL_002,PP/LP/AB,16.5,3,32,A,10:39:20 AM,11:50:24 AM,no,NA
26/06/2025,TDT_SL_002,PP/LP/AB,16.5,3,32,A,10:39:20 AM,1:27:27 PM,no,NA
26/06/2025,TDT_SL_002,PP/LP/AB,16.5,3,32,B,10:39:20 AM,10:48:47 AM,no,NA
26/06/2025,TDT_SL_002,PP/LP/AB,16.5,3,32,B,10:39:20 AM,11:09:45 AM,no,NA
26/06/2025,TDT_SL_002,PP/LP/AB,16.5,3,32,B,10:39:20 AM,11:41:05 AM,no,NA
26/06/2025,TDT_SL_002,PP/LP/AB,16.5,3,32,B,10:39:20 AM,11:58:48 AM,no,NA
26/06/2025,TDT_SL_002,PP/LP/AB,16.5,3,32,B,10:39:20 AM,1:14:19 PM,no,NA
26/06/2025,TDT_SL_002,PP/LP/AB,16.5,3,32,C,10:39:20 AM,10:46:31 AM,no,NA
26/06/2025,TDT_SL_002,PP/LP/AB,16.5,3,32,C,10:39:20 AM,10:50:13 AM,no,NA
26/06/2025,TDT_SL_002,PP/LP/AB,16.5,3,32,C,10:39:20 AM,10:53:58 AM,no,NA
26/06/2025,TDT_SL_002,PP/LP/AB,16.5,3,32,C,10:39:20 AM,12:40:07 PM,no,NA
26/06/2025,TDT_SL_002,PP/LP/AB,16.5,3,32,C,10:39:20 AM,12:45:34 PM,no,NA
26/06/2025,TDT_SL_002,PP/LP/AB,16.5,1,32.5,A1,10:05:55 AM,10:07:03 AM,no,NA
26/06/2025,TDT_SL_002,PP/LP/AB,16.5,1,32.5,A1,10:05:55 AM,10:07:37 AM,no,NA
26/06/2025,TDT_SL_002,PP/LP/AB,16.5,1,32.5,A1,10:05:55 AM,10:07:18 AM,no,NA
26/06/2025,TDT_SL_002,PP/LP/AB,16.5,1,32.5,A1,10:05:55 AM,10:09:06 AM,no,NA
26/06/2025,TDT_SL_002,PP/LP/AB,16.5,1,32.5,A1,10:05:55 AM,10:11:07 AM,no,NA
26/06/2025,TDT_SL_002,PP/LP/AB,16.5,1,32.5,B1,10:05:55 AM,10:09:19 AM,no,NA
26/06/2025,TDT_SL_002,PP/LP/AB,16.5,1,32.5,B1,10:05:55 AM,10:09:44 AM,no,NA
26/06/2025,TDT_SL_002,PP/LP/AB,16.5,1,32.5,B1,10:05:55 AM,10:10:24 AM,no,NA
26/06/2025,TDT_SL_002,PP/LP/AB,16.5,1,32.5,B1,10:05:55 AM,10:11:23 AM,no,NA
26/06/2025,TDT_SL_002,PP/LP/AB,16.5,1,32.5,B1,10:05:55 AM,10:12:05 AM,no,NA
26/06/2025,TDT_SL_002,PP/LP/AB,16.5,1,32.5,C1,10:05:55 AM,10:08:05 AM,no,NA
26/06/2025,TDT_SL_002,PP/LP/AB,16.5,1,32.5,C1,10:05:55 AM,10:10:40 AM,no,NA
26/06/2025,TDT_SL_002,PP/LP/AB,16.5,1,32.5,C1,10:05:55 AM,10:10:54 AM,no,NA
26/06/2025,TDT_SL_002,PP/LP/AB,16.5,1,32.5,C1,10:05:55 AM,10:13:47 AM,no,NA
26/06/2025,TDT_SL_002,PP/LP/AB,16.5,1,32.5,C1,10:05:55 AM,10:14:58 AM,no,NA
26/06/2025,TDT_SL_002,PP/LP/AB,16.5,2,32.5,A2,10:05:55 AM,10:07:08 AM,no,NA
26/06/2025,TDT_SL_002,PP/LP/AB,16.5,2,32.5,A2,10:05:55 AM,10:09:30 AM,no,NA
26/06/2025,TDT_SL_002,PP/LP/AB,16.5,2,32.5,A2,10:05:55 AM,10:13:35 AM,no,NA
26/06/2025,TDT_SL_002,PP/LP/AB,16.5,2,32.5,A2,10:05:55 AM,10:15:34 AM,no,NA
26/06/2025,TDT_SL_002,PP/LP/AB,16.5,2,32.5,A2,10:05:55 AM,11:33:00 AM,no,NA
26/06/2025,TDT_SL_002,PP/LP/AB,16.5,2,32.5,B2,10:05:55 AM,10:08:13 AM,no,NA
26/06/2025,TDT_SL_002,PP/LP/AB,16.5,2,32.5,B2,10:05:55 AM,10:09:06 AM,no,NA
26/06/2025,TDT_SL_002,PP/LP/AB,16.5,2,32.5,B2,10:05:55 AM,10:24:06 AM,no,NA
26/06/2025,TDT_SL_002,PP/LP/AB,16.5,2,32.5,B2,10:05:55 AM,11:05:09 AM,no,Got flushed out so this may have impacted delayed mortality or recovery.
26/06/2025,TDT_SL_002,PP/LP/AB,16.5,2,32.5,B2,10:05:55 AM,11:11:50 AM,no,NA
26/06/2025,TDT_SL_002,PP/LP/AB,16.5,2,32.5,C2,10:05:55 AM,10:07:46 AM,no,NA
26/06/2025,TDT_SL_002,PP/LP/AB,16.5,2,32.5,C2,10:05:55 AM,10:10:30 AM,no,NA
26/06/2025,TDT_SL_002,PP/LP/AB,16.5,2,32.5,C2,10:05:55 AM,10:11:59 AM,no,NA
26/06/2025,TDT_SL_002,PP/LP/AB,16.5,2,32.5,C2,10:05:55 AM,10:38:49 AM,no,NA
26/06/2025,TDT_SL_002,PP/LP/AB,16.5,2,32.5,C2,10:05:55 AM,11:35:18 AM,no,NA
26/06/2025,TDT_SL_002,MT,16.5,6,32.5,A3,6:50:32 PM,6:54:27 PM,no,NA
26/06/2025,TDT_SL_002,MT,16.5,6,32.5,A3,6:50:32 PM,6:54:49 PM,no,NA
26/06/2025,TDT_SL_002,MT,16.5,6,32.5,A3,6:50:32 PM,6:58:54 PM,no,NA
26/06/2025,TDT_SL_002,MT,16.5,6,32.5,A3,6:50:32 PM,6:59:51 PM,no,NA
26/06/2025,TDT_SL_002,MT,16.5,6,32.5,A3,6:50:32 PM,7:02:36 PM,no,NA
26/06/2025,TDT_SL_002,MT,16.5,6,32.5,B3,6:50:32 PM,6:54:14 PM,no,NA
26/06/2025,TDT_SL_002,MT,16.5,6,32.5,B3,6:50:32 PM,6:54:54 PM,no,NA
26/06/2025,TDT_SL_002,MT,16.5,6,32.5,B3,6:50:32 PM,6:56:01 PM,no,NA
26/06/2025,TDT_SL_002,MT,16.5,6,32.5,B3,6:50:32 PM,6:57:11 PM,no,NA
26/06/2025,TDT_SL_002,MT,16.5,6,32.5,B3,6:50:32 PM,7:01:08 PM,no,NA
26/06/2025,TDT_SL_002,MT,16.5,6,32.5,C3,6:50:32 PM,6:51:23 PM,no,NA
26/06/2025,TDT_SL_002,MT,16.5,6,32.5,C3,6:50:32 PM,6:52:21 PM,no,NA
26/06/2025,TDT_SL_002,MT,16.5,6,32.5,C3,6:50:32 PM,6:53:44 PM,no,NA
26/06/2025,TDT_SL_002,MT,16.5,6,32.5,C3,6:50:32 PM,6:56:38 PM,no,NA
26/06/2025,TDT_SL_002,MT,16.5,6,32.5,C3,6:50:32 PM,6:58:18 PM,no,NA
29/06/2025,TDT_SL_003,PP/MT/LP/AB,16.7,1,31,A1,10:03:21 AM,10:41:50 AM,no,NA
29/06/2025,TDT_SL_003,PP/MT/LP/AB,16.7,1,31,A1,10:03:21 AM,10:52:10 AM,no,NA
29/06/2025,TDT_SL_003,PP/MT/LP/AB,16.7,1,31,A1,10:03:21 AM,11:22:33 AM,no,NA
29/06/2025,TDT_SL_003,PP/MT/LP/AB,16.7,1,31,A1,10:03:21 AM,11:31:23 AM,no,NA
29/06/2025,TDT_SL_003,PP/MT/LP/AB,16.7,1,31,A1,10:03:21 AM,1:50:58 PM,no,NA
29/06/2025,TDT_SL_003,PP/MT/LP/AB,16.7,1,31,B1,10:03:21 AM,10:38:55 AM,no,NA
29/06/2025,TDT_SL_003,PP/MT/LP/AB,16.7,1,31,B1,10:03:21 AM,12:32:21 PM,no,NA
29/06/2025,TDT_SL_003,PP/MT/LP/AB,16.7,1,31,B1,10:03:21 AM,12:57:30 PM,no,NA
29/06/2025,TDT_SL_003,PP/MT/LP/AB,16.7,1,31,B1,10:03:21 AM,12:58:08 PM,no,NA
29/06/2025,TDT_SL_003,PP/MT/LP/AB,16.7,1,31,B1,10:03:21 AM,12:58:38 PM,no,NA
29/06/2025,TDT_SL_003,PP/MT/LP/AB,16.7,1,31,C1,10:03:21 AM,11:17:32 AM,no,NA
29/06/2025,TDT_SL_003,PP/MT/LP/AB,16.7,1,31,C1,10:03:21 AM,11:36:54 AM,no,NA
29/06/2025,TDT_SL_003,PP/MT/LP/AB,16.7,1,31,C1,10:03:21 AM,11:51:50 AM,no,NA
29/06/2025,TDT_SL_003,PP/MT/LP/AB,16.7,1,31,C1,10:03:21 AM,1:01:37 PM,no,NA
29/06/2025,TDT_SL_003,PP/MT/LP/AB,16.7,1,31,C1,10:03:21 AM,1:33:30 PM,no,NA
29/06/2025,TDT_SL_003,PP/MT/LP/AB,16.7,2,31,A2,10:03:21 AM,10:34:54 AM,no,NA
29/06/2025,TDT_SL_003,PP/MT/LP/AB,16.7,2,31,A2,10:03:21 AM,10:46:48 AM,no,NA
29/06/2025,TDT_SL_003,PP/MT/LP/AB,16.7,2,31,A2,10:03:21 AM,11:33:02 AM,no,NA
29/06/2025,TDT_SL_003,PP/MT/LP/AB,16.7,2,31,A2,10:03:21 AM,11:58:54 AM,no,NA
29/06/2025,TDT_SL_003,PP/MT/LP/AB,16.7,2,31,A2,10:03:21 AM,12:54:20 PM,no,NA
29/06/2025,TDT_SL_003,PP/MT/LP/AB,16.7,2,31,B2,10:03:21 AM,12:09:27 PM,no,NA
29/06/2025,TDT_SL_003,PP/MT/LP/AB,16.7,2,31,B2,10:03:21 AM,12:18:10 PM,no,NA
29/06/2025,TDT_SL_003,PP/MT/LP/AB,16.7,2,31,B2,10:03:21 AM,12:27:18 PM,no,NA
29/06/2025,TDT_SL_003,PP/MT/LP/AB,16.7,2,31,B2,10:03:21 AM,12:31:42 PM,no,NA
29/06/2025,TDT_SL_003,PP/MT/LP/AB,16.7,2,31,B2,10:03:21 AM,1:39:26 PM,no,NA
29/06/2025,TDT_SL_003,PP/MT/LP/AB,16.7,2,31,C2,10:03:21 AM,11:41:43 AM,no,NA
29/06/2025,TDT_SL_003,PP/MT/LP/AB,16.7,2,31,C2,10:03:21 AM,12:07:53 PM,no,NA
29/06/2025,TDT_SL_003,PP/MT/LP/AB,16.7,2,31,C2,10:03:21 AM,12:46:16 PM,no,NA
29/06/2025,TDT_SL_003,PP/MT/LP/AB,16.7,2,31,C2,10:03:21 AM,12:55:37 PM,no,NA
29/06/2025,TDT_SL_003,PP/MT/LP/AB,16.7,2,31,C2,10:03:21 AM,1:30:17 PM,no,NA
29/06/2025,TDT_SL_003,PP/MT/LP/AB,16.7,3,31.5,A1,10:14:38 AM,10:16:43 AM,no,NA
29/06/2025,TDT_SL_003,PP/MT/LP/AB,16.7,3,31.5,A1,10:14:38 AM,11:00:42 AM,no,NA
29/06/2025,TDT_SL_003,PP/MT/LP/AB,16.7,3,31.5,A1,10:14:38 AM,11:16:05 AM,no,NA
29/06/2025,TDT_SL_003,PP/MT/LP/AB,16.7,3,31.5,A1,10:14:38 AM,12:13:35 PM,no,NA
29/06/2025,TDT_SL_003,PP/MT/LP/AB,16.7,3,31.5,A1,10:14:38 AM,12:51:01 PM,no,NA
29/06/2025,TDT_SL_003,PP/MT/LP/AB,16.7,3,31.5,B1,10:14:38 AM,11:01:44 AM,no,NA
29/06/2025,TDT_SL_003,PP/MT/LP/AB,16.7,3,31.5,B1,10:14:38 AM,11:59:02 AM,no,NA
29/06/2025,TDT_SL_003,PP/MT/LP/AB,16.7,3,31.5,B1,10:14:38 AM,12:17:38 PM,no,NA
29/06/2025,TDT_SL_003,PP/MT/LP/AB,16.7,3,31.5,B1,10:14:38 AM,12:20:50 PM,no,NA
29/06/2025,TDT_SL_003,PP/MT/LP/AB,16.7,3,31.5,B1,10:14:38 AM,1:11:15 PM,no,NA
29/06/2025,TDT_SL_003,PP/MT/LP/AB,16.7,3,31.5,C1,10:14:38 AM,10:22:15 AM,no,NA
29/06/2025,TDT_SL_003,PP/MT/LP/AB,16.7,3,31.5,C1,10:14:38 AM,10:25:31 AM,no,NA
29/06/2025,TDT_SL_003,PP/MT/LP/AB,16.7,3,31.5,C1,10:14:38 AM,1:04:36 PM,no,NA
29/06/2025,TDT_SL_003,PP/MT/LP/AB,16.7,3,31.5,C1,10:14:38 AM,1:06:54 PM,no,NA
29/06/2025,TDT_SL_003,PP/MT/LP/AB,16.7,3,31.5,C1,10:14:38 AM,1:25:30 PM,no,NA
29/06/2025,TDT_SL_003,PP/MT/LP/AB,16.7,4,31.5,A2,10:14:38 AM,12:40:22 PM,no,NA
29/06/2025,TDT_SL_003,PP/MT/LP/AB,16.7,4,31.5,A2,10:14:38 AM,12:54:35 PM,no,NA
29/06/2025,TDT_SL_003,PP/MT/LP/AB,16.7,4,31.5,A2,10:14:38 AM,1:09:12 PM,no,NA
29/06/2025,TDT_SL_003,PP/MT/LP/AB,16.7,4,31.5,A2,10:14:38 AM,1:21:50 PM,no,NA
29/06/2025,TDT_SL_003,PP/MT/LP/AB,16.7,4,31.5,A2,10:14:38 AM,1:56:29 PM,no,NA
29/06/2025,TDT_SL_003,PP/MT/LP/AB,16.7,4,31.5,B2,10:14:38 AM,10:15:31 AM,no,NA
29/06/2025,TDT_SL_003,PP/MT/LP/AB,16.7,4,31.5,B2,10:14:38 AM,10:19:59 AM,no,NA
29/06/2025,TDT_SL_003,PP/MT/LP/AB,16.7,4,31.5,B2,10:14:38 AM,12:28:52 PM,no,NA
29/06/2025,TDT_SL_003,PP/MT/LP/AB,16.7,4,31.5,B2,10:14:38 AM,1:06:08 PM,no,NA
29/06/2025,TDT_SL_003,PP/MT/LP/AB,16.7,4,31.5,B2,10:14:38 AM,1:22:58 PM,no,NA
29/06/2025,TDT_SL_003,PP/MT/LP/AB,16.7,4,31.5,C2,10:14:38 AM,10:38:31 AM,no,NA
29/06/2025,TDT_SL_003,PP/MT/LP/AB,16.7,4,31.5,C2,10:14:38 AM,12:35:22 PM,no,NA
29/06/2025,TDT_SL_003,PP/MT/LP/AB,16.7,4,31.5,C2,10:14:38 AM,12:52:36 PM,no,NA
29/06/2025,TDT_SL_003,PP/MT/LP/AB,16.7,4,31.5,C2,10:14:38 AM,1:04:19 PM,no,NA
29/06/2025,TDT_SL_003,PP/MT/LP/AB,16.7,4,31.5,C2,10:14:38 AM,1:36:57 PM,no,NA
29/06/2025,TDT_SL_003,PP/MT/LP/AB,16.7,5,32,A1,10:26:32 AM,10:59:59 AM,no,NA
29/06/2025,TDT_SL_003,PP/MT/LP/AB,16.7,5,32,A1,10:26:32 AM,11:33:20 AM,no,NA
29/06/2025,TDT_SL_003,PP/MT/LP/AB,16.7,5,32,A1,10:26:32 AM,12:51:19 PM,no,NA
29/06/2025,TDT_SL_003,PP/MT/LP/AB,16.7,5,32,A1,10:26:32 AM,1:31:17 PM,no,NA
29/06/2025,TDT_SL_003,PP/MT/LP/AB,16.7,5,32,A1,10:26:32 AM,1:37:38 PM,no,NA
29/06/2025,TDT_SL_003,PP/MT/LP/AB,16.7,5,32,B1,10:26:32 AM,10:37:20 AM,no,NA
29/06/2025,TDT_SL_003,PP/MT/LP/AB,16.7,5,32,B1,10:26:32 AM,11:45:40 AM,no,NA
29/06/2025,TDT_SL_003,PP/MT/LP/AB,16.7,5,32,B1,10:26:32 AM,12:23:37 PM,no,NA
29/06/2025,TDT_SL_003,PP/MT/LP/AB,16.7,5,32,B1,10:26:32 AM,12:45:55 PM,no,NA
29/06/2025,TDT_SL_003,PP/MT/LP/AB,16.7,5,32,B1,10:26:32 AM,12:47:20 PM,no,NA
29/06/2025,TDT_SL_003,PP/MT/LP/AB,16.7,5,32,C1,10:26:32 AM,10:35:06 AM,no,NA
29/06/2025,TDT_SL_003,PP/MT/LP/AB,16.7,5,32,C1,10:26:32 AM,12:55:28 PM,no,NA
29/06/2025,TDT_SL_003,PP/MT/LP/AB,16.7,5,32,C1,10:26:32 AM,12:59:41 PM,no,NA
29/06/2025,TDT_SL_003,PP/MT/LP/AB,16.7,5,32,C1,10:26:32 AM,1:05:33 PM,no,NA
29/06/2025,TDT_SL_003,PP/MT/LP/AB,16.7,5,32,C1,10:26:32 AM,1:14:39 PM,no,NA
29/06/2025,TDT_SL_003,PP/MT/LP/AB,16.7,6,32,A2,10:26:32 AM,10:34:01 AM,no,NA
29/06/2025,TDT_SL_003,PP/MT/LP/AB,16.7,6,32,A2,10:26:32 AM,10:42:48 AM,no,NA
29/06/2025,TDT_SL_003,PP/MT/LP/AB,16.7,6,32,A2,10:26:32 AM,10:43:30 AM,no,NA
29/06/2025,TDT_SL_003,PP/MT/LP/AB,16.7,6,32,A2,10:26:32 AM,11:19:20 AM,no,NA
29/06/2025,TDT_SL_003,PP/MT/LP/AB,16.7,6,32,A2,10:26:32 AM,1:13:57 PM,no,NA
29/06/2025,TDT_SL_003,PP/MT/LP/AB,16.7,6,32,B2,10:26:32 AM,10:40:37 AM,no,NA
29/06/2025,TDT_SL_003,PP/MT/LP/AB,16.7,6,32,B2,10:26:32 AM,11:36:10 AM,no,NA
29/06/2025,TDT_SL_003,PP/MT/LP/AB,16.7,6,32,B2,10:26:32 AM,11:54:19 AM,no,NA
29/06/2025,TDT_SL_003,PP/MT/LP/AB,16.7,6,32,B2,10:26:32 AM,12:53:05 PM,no,NA
29/06/2025,TDT_SL_003,PP/MT/LP/AB,16.7,6,32,B2,10:26:32 AM,1:03:11 PM,no,NA
29/06/2025,TDT_SL_003,PP/MT/LP/AB,16.7,6,32,C2,10:26:32 AM,10:27:27 AM,no,NA
29/06/2025,TDT_SL_003,PP/MT/LP/AB,16.7,6,32,C2,10:26:32 AM,11:53:53 AM,no,NA
29/06/2025,TDT_SL_003,PP/MT/LP/AB,16.7,6,32,C2,10:26:32 AM,12:02:35 PM,no,NA
29/06/2025,TDT_SL_003,PP/MT/LP/AB,16.7,6,32,C2,10:26:32 AM,12:46:44 PM,no,NA
29/06/2025,TDT_SL_003,PP/MT/LP/AB,16.7,6,32,C2,10:26:32 AM,1:05:00 PM,no,NA
29/06/2025,TDT_SL_003,MT,16.7,2,33,A1,4:23:31 PM,4:24:58 PM,no,NA
29/06/2025,TDT_SL_003,MT,16.7,2,33,A1,4:23:31 PM,4:25:45 PM,no,NA
29/06/2025,TDT_SL_003,MT,16.7,2,33,A1,4:23:31 PM,4:26:11 PM,no,NA
29/06/2025,TDT_SL_003,MT,16.7,2,33,A1,4:23:31 PM,4:26:31 PM,no,NA
29/06/2025,TDT_SL_003,MT,16.7,2,33,A1,4:23:31 PM,4:27:06 PM,no,NA
29/06/2025,TDT_SL_003,MT/PP,16.7,3,33,B1,4:23:31 PM,4:23:51 PM,no,NA
29/06/2025,TDT_SL_003,MT/PP,16.7,3,33,B1,4:23:31 PM,4:23:59 PM,no,NA
29/06/2025,TDT_SL_003,MT/PP,16.7,3,33,B1,4:23:31 PM,4:25:28 PM,no,NA
29/06/2025,TDT_SL_003,MT/PP,16.7,3,33,B1,4:23:31 PM,4:27:01 PM,no,NA
29/06/2025,TDT_SL_003,MT/PP,16.7,3,33,B1,4:23:31 PM,4:27:05 PM,no,NA
29/06/2025,TDT_SL_003,PP,16.7,4,33,C1,4:23:31 PM,4:24:19 PM,no,NA
29/06/2025,TDT_SL_003,PP,16.7,4,33,C1,4:23:31 PM,4:24:24 PM,no,NA
29/06/2025,TDT_SL_003,PP,16.7,4,33,C1,4:23:31 PM,4:26:03 PM,no,NA
29/06/2025,TDT_SL_003,PP,16.7,4,33,C1,4:23:31 PM,4:26:24 PM,no,NA
29/06/2025,TDT_SL_003,PP,16.7,4,33,C1,4:23:31 PM,4:27:14 PM,no,NA
29/06/2025,TDT_SL_003,MT,16.7,4,33,A2,4:38:09 PM,4:38:21 PM,no,NA
29/06/2025,TDT_SL_003,MT,16.7,4,33,A2,4:38:09 PM,4:38:38 PM,no,NA
29/06/2025,TDT_SL_003,MT,16.7,4,33,A2,4:38:09 PM,4:38:46 PM,no,NA
29/06/2025,TDT_SL_003,MT,16.7,4,33,A2,4:38:09 PM,4:39:04 PM,no,NA
29/06/2025,TDT_SL_003,MT,16.7,4,33,A2,4:38:09 PM,4:39:15 PM,no,NA
29/06/2025,TDT_SL_003,AB,16.7,3,33,B2,4:38:09 PM,4:38:26 PM,no,NA
29/06/2025,TDT_SL_003,AB,16.7,3,33,B2,4:38:09 PM,4:39:42 PM,no,NA
29/06/2025,TDT_SL_003,AB,16.7,3,33,B2,4:38:09 PM,4:40:10 PM,no,NA
29/06/2025,TDT_SL_003,AB,16.7,3,33,B2,4:38:09 PM,4:40:19 PM,no,NA
29/06/2025,TDT_SL_003,AB,16.7,3,33,B2,4:38:09 PM,4:40:39 PM,no,NA
29/06/2025,TDT_SL_003,PP,16.7,2,33,C2,4:38:09 PM,4:38:42 PM,no,NA
29/06/2025,TDT_SL_003,PP,16.7,2,33,C2,4:38:09 PM,4:38:52 PM,no,NA
29/06/2025,TDT_SL_003,PP,16.7,2,33,C2,4:38:09 PM,4:39:09 PM,no,NA
29/06/2025,TDT_SL_003,PP,16.7,2,33,C2,4:38:09 PM,4:39:24 PM,no,NA
29/06/2025,TDT_SL_003,PP,16.7,2,33,C2,4:38:09 PM,4:40:27 PM,no,NA
29/06/2025,TDT_SL_003,MT,16.7,3,33,A3,4:52:59 PM,4:53:27 PM,no,NA
29/06/2025,TDT_SL_003,MT,16.7,3,33,A3,4:52:59 PM,4:53:48 PM,no,NA
29/06/2025,TDT_SL_003,MT,16.7,3,33,A3,4:52:59 PM,5:06:09 PM,no,NA
29/06/2025,TDT_SL_003,MT,16.7,3,33,A3,4:52:59 PM,5:18:44 PM,no,NA
29/06/2025,TDT_SL_003,MT,16.7,3,33,A3,4:52:59 PM,5:20:25 PM,no,NA
29/06/2025,TDT_SL_003,AB/PP,16.7,4,33,B3,4:52:59 PM,4:53:28 PM,no,NA
29/06/2025,TDT_SL_003,AB/PP,16.7,4,33,B3,4:52:59 PM,4:53:44 PM,no,NA
29/06/2025,TDT_SL_003,AB/PP,16.7,4,33,B3,4:52:59 PM,4:54:00 PM,no,NA
29/06/2025,TDT_SL_003,AB/PP,16.7,4,33,B3,4:52:59 PM,4:54:46 PM,no,NA
29/06/2025,TDT_SL_003,AB/PP,16.7,4,33,B3,4:52:59 PM,4:54:52 PM,no,NA
29/06/2025,TDT_SL_003,PP,16.7,2,33,C3,4:52:59 PM,4:53:23 PM,no,NA
29/06/2025,TDT_SL_003,PP,16.7,2,33,C3,4:52:59 PM,4:54:04 PM,no,NA
29/06/2025,TDT_SL_003,PP,16.7,2,33,C3,4:52:59 PM,4:54:08 PM,no,NA
29/06/2025,TDT_SL_003,PP,16.7,2,33,C3,4:52:59 PM,4:54:20 PM,no,NA
29/06/2025,TDT_SL_003,PP,16.7,2,33,C3,4:52:59 PM,4:54:53 PM,no,NA
29/06/2025,TDT_SL_003,MT,16.7,3,33,A4,5:11:06 PM,5:11:35 PM,no,NA
29/06/2025,TDT_SL_003,MT,16.7,3,33,A4,5:11:06 PM,5:12:10 PM,no,NA
29/06/2025,TDT_SL_003,MT,16.7,3,33,A4,5:11:06 PM,5:13:56 PM,no,NA
29/06/2025,TDT_SL_003,MT,16.7,3,33,A4,5:11:06 PM,5:18:13 PM,no,NA
29/06/2025,TDT_SL_003,MT,16.7,3,33,A4,5:11:06 PM,5:23:07 PM,no,NA
29/06/2025,TDT_SL_003,AB/PP,16.7,2,33,B4,5:11:06 PM,5:11:36 PM,no,NA
29/06/2025,TDT_SL_003,AB/PP,16.7,2,33,B4,5:11:06 PM,5:11:37 PM,no,NA
29/06/2025,TDT_SL_003,AB/PP,16.7,2,33,B4,5:11:06 PM,5:12:10 PM,no,NA
29/06/2025,TDT_SL_003,AB/PP,16.7,2,33,B4,5:11:06 PM,5:12:20 PM,no,NA
29/06/2025,TDT_SL_003,AB/PP,16.7,2,33,B4,5:11:06 PM,5:13:28 PM,no,NA
29/06/2025,TDT_SL_003,PP,16.7,4,33,C4,5:11:06 PM,5:11:34 PM,no,NA
29/06/2025,TDT_SL_003,PP,16.7,4,33,C4,5:11:06 PM,5:11:52 PM,no,NA
29/06/2025,TDT_SL_003,PP,16.7,4,33,C4,5:11:06 PM,5:11:34 PM,no,NA
29/06/2025,TDT_SL_003,PP,16.7,4,33,C4,5:11:06 PM,5:12:26 PM,no,NA
29/06/2025,TDT_SL_003,PP,16.7,4,33,C4,5:11:06 PM,5:12:58 PM,no,NA
,,,,,,,,,,
,,,,,,,,,,
,,,,,,,,,,
,,,,,,,,,,
,,,,,,,,,,
,,,,,,,,,,
,,,,,,,,,,
,,,,,,,,,,
,,,,,,,,,,
,,,,,,,,,,
,,,,,,,,,,
,,,,,,,,,,
,,,,,,,,,,
,,,,,,,,,,
,,,,,,,,,,
,,,,,,,,,,
,,,,,,,,,,
,,,,,,,,,,
,,,,,,,,,,
,,,,,,,,,,
,,,,,,,,,,
,,,,,,,,,,
,,,,,,,,,,
,,,,,,,,,,
,,,,,,,,,,
,,,,,,,,,,
,,,,,,,,,,
,,,,,,,,,,
,,,,,,,,,,
,,,,,,,,,,
,,,,,,,,,,
,,,,,,,,,,
,,,,,,,,,,
,,,,,,,,,,
,,,,,,,,,,
,,,,,,,,,,
,,,,,,,,,,
,,,,,,,,,,
,,,,,,,,,,
,,,,,,,,,,
,,,,,,,,,,
,,,,,,,,,,
,,,,,,,,,,
,,,,,,,,,,
,,,,,,,,,,
,,,,,,,,,,
,,,,,,,,,,
,,,,,,,,,,
,,,,,,,,,,
,,,,,,,,,,
,,,,,,,,,,
,,,,,,,,,,
,,,,,,,,,,
,,,,,,,,,,
,,,,,,,,,,
,,,,,,,,,,
,,,,,,,,,,
,,,,,,,,,,
,,,,,,,,,,
,,,,,,,,,,
,,,,,,,,,,
,,,,,,,,,,
,,,,,,,,,,
,,,,,,,,,,
,,,,,,,,,,
,,,,,,,,,,
,,,,,,,,,,
,,,,,,,,,,
,,,,,,,,,,
,,,,,,,,,,
,,,,,,,,,,
,,,,,,,,,,
,,,,,,,,,,
,,,,,,,,,,
,,,,,,,,,,
,,,,,,,,,,
,,,,,,,,,,
,,,,,,,,,,
,,,,,,,,,,
,,,,,,,,,,
,,,,,,,,,,
,,,,,,,,,,
,,,,,,,,,,
,,,,,,,,,,
,,,,,,,,,,
,,,,,,,,,,
,,,,,,,,,,
,,,,,,,,,,
,,,,,,,,,,
,,,,,,,,,,
,,,,,,,,,,
,,,,,,,,,,
,,,,,,,,,,
,,,,,,,,,,
,,,,,,,,,,
,,,,,,,,,,
,,,,,,,,,,
,,,,,,,,,,
,,,,,,,,,,
,,,,,,,,,,
,,,,,,,,,,
,,,,,,,,,,
,,,,,,,,,,
,,,,,,,,,,
,,,,,,,,,,
,,,,,,,,,,
,,,,,,,,,,
,,,,,,,,,,
,,,,,,,,,,
,,,,,,,,,,
,,,,,,,,,,
,,,,,,,,,,
,,,,,,,,,,
,,,,,,,,,,
,,,,,,,,,,
,,,,,,,,,,
,,,,,,,,,,
,,,,,,,,,,
,,,,,,,,,,
,,,,,,,,,,
,,,,,,,,,,
,,,,,,,,,,
,,,,,,,,,,
,,,,,,,,,,
,,,,,,,,,,
,,,,,,,,,,
,,,,,,,,,,
,,,,,,,,,,
,,,,,,,,,,
,,,,,,,,,,
,,,,,,,,,,
,,,,,,,,,,
,,,,,,,,,,
,,,,,,,,,,
,,,,,,,,,,
,,,,,,,,,,
,,,,,,,,,,
,,,,,,,,,,
,,,,,,,,,,
,,,,,,,,,,
,,,,,,,,,,
,,,,,,,,,,
,,,,,,,,,,
,,,,,,,,,,
