Cohort,Ploidy,Treatment,time,T,temperature,O,oxygen,total,survival,Ploidy_induction,Notes
ZB100,2,hypoxia,11.15,26,26,25,29.7,5,5,100,NA
ZB100,2,normoxia,50,26,26.3,100,96,5,5,100,NA
ZB100,2,hypoxia,11.15,38,37.6,25,24.1,4,4,100,NA
ZB100,2,normoxia,50,38,37.7,100,105.4,4,4,100,NA
ZB100,2,hypoxia,11.15,26,25.7,25,29,3,3,100,NA
ZB100,2,normoxia,50,26,26.3,100,96,4,4,100,NA
ZB100,2,hypoxia,11.15,38,38,25,26.7,4,4,100,NA
ZB100,2,normoxia,50,38,38.2,100,100,4,4,100,NA
ZB100,2,hypoxia,11.15,26,25.7,25,29,4,4,100,NA
ZB100,2,normoxia,50,26,26.4,100,97.8,4,4,100,NA
ZB100,2,hypoxia,11.15,38,37.8,25,26.7,4,4,100,NA
ZB100,2,normoxia,50,38,38.3,100,100,4,4,100,NA
ZB100,2,hypoxia,25,26,25.7,25,28.3,5,4,100,NA
ZB100,2,normoxia,89,26,26.4,100,90.4,5,5,100,NA
ZB100,2,hypoxia,25,38,37.7,25,29,5,5,100,NA
ZB100,2,normoxia,89,38,37.8,100,90.8,5,5,100,NA
ZB100,2,hypoxia,25,26,25.7,25,15,6,5,100,NA
ZB100,2,normoxia,89,26,26.4,100,93,6,6,100,NA
ZB100,2,hypoxia,25,38,37.7,25,28,6,6,100,NA
ZB100,2,normoxia,89,38,37.8,100,99.1,6,6,100,NA
ZB100,2,hypoxia,25,26,25.7,25,27,5,5,100,NA
ZB100,2,normoxia,89,26,26.3,100,94.3,5,5,100,NA
ZB100,2,hypoxia,25,38,37.7,25,28.8,5,3,100,NA
ZB100,2,normoxia,89,38,37.6,100,99.9,5,0,100,NA
ZB101,2,hypoxia,25,26,25.7,25,28.3,2,2,100,NA
ZB101,2,normoxia,89,26,26.4,100,90.4,2,2,100,NA
ZB101,2,hypoxia,25,38,37.7,25,29,2,2,100,NA
ZB101,2,normoxia,89,38,37.8,100,90.8,2,2,100,NA
ZB101,2,hypoxia,25,26,25.7,25,15,3,3,100,NA
ZB101,2,normoxia,89,26,26.4,100,93,3,3,100,NA
ZB101,2,hypoxia,25,38,37.7,25,28,3,2,100,NA
ZB101,2,normoxia,89,38,37.8,100,99.1,3,3,100,NA
ZB101,2,hypoxia,25,26,25.7,25,27,3,3,100,NA
ZB101,2,normoxia,89,26,26.3,100,94.3,3,3,100,NA
ZB101,2,hypoxia,25,38,37.7,25,28.8,3,2,100,NA
ZB101,2,normoxia,89,38,37.6,100,99.9,4,0,100,NA
ZB102,2,hypoxia,25,26,25.7,25,28.3,1,1,100,NA
ZB102,2,normoxia,89,26,26.4,100,90.4,1,1,100,NA
ZB102,2,hypoxia,25,38,37.7,25,29,1,1,100,NA
ZB102,2,normoxia,89,38,37.8,100,90.8,1,1,100,NA
ZB102,2,hypoxia,25,26,25.7,25,15,1,1,100,NA
ZB102,2,normoxia,89,26,26.4,100,93,1,1,100,NA
ZB102,2,hypoxia,25,38,37.7,25,28,1,1,100,NA
ZB102,2,normoxia,89,38,37.8,100,99.1,1,1,100,NA
ZB102,2,hypoxia,25,26,25.7,25,27,2,2,100,NA
ZB102,2,normoxia,89,26,26.3,100,94.3,2,2,100,NA
ZB102,2,hypoxia,25,38,37.7,25,28.8,2,1,100,NA
ZB102,2,normoxia,89,38,37.6,100,99.9,2,0,100,NA
ZB103,2,hypoxia,25,26,25.7,25,28.3,5,3,100,NA
ZB103,2,normoxia,89,26,26.4,100,90.4,5,5,100,NA
ZB103,2,hypoxia,25,38,37.7,25,29,5,5,100,NA
ZB103,2,normoxia,89,38,37.8,100,90.8,5,5,100,NA
ZB103,2,hypoxia,25,26,25.7,25,15,5,4,100,NA
ZB103,2,normoxia,89,26,26.4,100,93,5,5,100,NA
ZB103,2,hypoxia,25,38,37.7,25,28,5,4,100,NA
ZB103,2,normoxia,89,38,37.8,100,99.1,5,5,100,NA
ZB103,2,hypoxia,25,26,25.7,25,27,5,5,100,NA
ZB103,2,normoxia,89,26,26.3,100,94.3,5,5,100,NA
ZB103,2,hypoxia,25,38,37.7,25,28.8,5,4,100,NA
ZB103,2,normoxia,89,38,37.6,100,99.9,4,0,100,NA
ZB104,2,hypoxia,25,26,25.7,25,28.3,6,5,100,NA
ZB104,2,normoxia,89,26,26.4,100,90.4,6,6,100,NA
ZB104,2,hypoxia,25,38,37.7,25,29,6,6,100,NA
ZB104,2,normoxia,89,38,37.8,100,90.8,6,6,100,NA
ZB104,2,hypoxia,25,26,25.7,25,15,6,6,100,NA
ZB104,2,normoxia,89,26,26.4,100,93,6,6,100,NA
ZB104,2,hypoxia,25,38,37.7,25,28,6,6,100,NA
ZB104,2,normoxia,89,38,37.8,100,99.1,6,6,100,NA
ZB104,2,hypoxia,25,26,25.7,25,27,7,7,100,NA
ZB104,2,normoxia,89,26,26.3,100,94.3,8,8,100,NA
ZB104,2,hypoxia,25,38,37.7,25,28.8,8,8,100,NA
ZB104,2,normoxia,89,38,37.6,100,99.9,8,0,100,NA
ZB105,2,hypoxia,25,26,26.3,25,23.1,6,5,100,NA
ZB105,2,normoxia,89,26,26.3,100,96,5,5,100,NA
ZB105,2,hypoxia,25,38,37.6,25,28.2,7,0,100,NA
ZB105,2,normoxia,89,38,38,100,103.5,5,3,100,NA
ZB105,2,hypoxia,25,26,26,25,22.7,6,6,100,NA
ZB105,2,normoxia,89,26,25.7,100,94.6,5,5,100,NA
ZB105,2,hypoxia,25,38,38.1,25,29.5,7,0,100,NA
ZB105,2,normoxia,89,38,38.1,100,103.5,5,1,100,NA
ZB105,2,hypoxia,25,26,26,25,21.5,6,6,100,NA
ZB105,2,normoxia,89,38,38.1,100,103.5,5,1,100,NA
ZB105,2,normoxia,89,26,25.7,100,94.2,5,5,100,NA
ZB105,2,hypoxia,25,38,38.1,25,29.9,8,3,100,NA
ZB105,2,normoxia,89,38,38,100,104,5,0,100,NA
ZB106,2,hypoxia,25,26,26.3,25,23.1,6,6,100,NA
ZB106,2,normoxia,89,26,26.3,100,96,6,6,100,NA
ZB106,2,hypoxia,25,38,37.6,25,28.2,6,0,100,NA
ZB106,2,normoxia,89,38,38,100,103.5,6,5,100,NA
ZB106,2,hypoxia,25,26,26,25,22.7,6,6,100,NA
ZB106,2,normoxia,89,26,25.7,100,94.6,6,6,100,NA
ZB106,2,hypoxia,25,38,38.1,25,29.5,6,0,100,NA
ZB106,2,normoxia,89,38,38.1,100,103.5,6,3,100,NA
ZB106,2,hypoxia,25,26,26,25,21.5,6,6,100,NA
ZB106,2,normoxia,89,38,38.1,100,103.5,6,3,100,NA
ZB106,2,normoxia,89,26,25.7,100,94.2,6,6,100,NA
ZB106,2,hypoxia,25,38,38.1,25,29.9,6,3,100,NA
ZB106,2,normoxia,89,38,38,100,104,5,4,100,NA
ZB107,2,hypoxia,25,26,26.3,25,23.1,4,4,100,NA
ZB107,2,normoxia,89,26,26.3,100,96,4,4,100,NA
ZB107,2,hypoxia,25,38,37.6,25,28.2,6,0,100,NA
ZB107,2,normoxia,89,38,38,100,103.5,4,4,100,NA
ZB107,2,hypoxia,25,26,26,25,22.7,4,4,100,NA
ZB107,2,normoxia,89,26,25.7,100,94.6,4,4,100,NA
ZB107,2,hypoxia,25,38,38.1,25,29.5,6,0,100,NA
ZB107,2,normoxia,89,38,38.1,100,103.5,4,3,100,NA
ZB107,2,hypoxia,25,26,26,25,21.5,4,4,100,NA
ZB107,2,normoxia,89,38,38.1,100,103.5,4,3,100,NA
ZB107,2,normoxia,89,26,25.7,100,94.2,4,4,100,NA
ZB107,2,hypoxia,25,38,38.1,25,29.9,6,2,100,NA
ZB107,2,normoxia,89,38,38,100,104,5,4,100,NA
ZB108,2,hypoxia,25,26,26.3,25,23.1,3,3,100,NA
ZB108,2,normoxia,89,26,26.3,100,96,3,3,100,NA
ZB108,2,hypoxia,25,38,37.6,25,28.2,3,0,100,NA
ZB108,2,normoxia,89,38,38,100,103.5,3,3,100,NA
ZB108,2,hypoxia,25,26,26,25,22.7,3,3,100,NA
ZB108,2,normoxia,89,26,25.7,100,94.6,3,3,100,NA
ZB108,2,hypoxia,25,38,38.1,25,29.5,3,0,100,NA
ZB108,2,normoxia,89,38,38.1,100,103.5,3,2,100,NA
ZB108,2,hypoxia,25,26,26,25,21.5,2,2,100,NA
ZB108,2,normoxia,89,38,38.1,100,103.5,3,2,100,NA
ZB108,2,normoxia,89,26,25.7,100,94.2,2,2,100,NA
ZB108,2,hypoxia,25,38,38.1,25,29.9,2,2,100,NA
ZB108,2,normoxia,89,38,38,100,104,2,2,100,NA
ZB109,2,hypoxia,25,26,26.3,25,23.1,2,2,100,NA
ZB109,2,normoxia,89,26,26.3,100,96,2,2,100,NA
ZB109,2,hypoxia,25,38,37.6,25,28.2,3,0,100,NA
ZB109,2,normoxia,89,38,38,100,103.5,2,2,100,NA
ZB109,2,hypoxia,25,26,26,25,22.7,2,2,100,NA
ZB109,2,normoxia,89,26,25.7,100,94.6,2,2,100,NA
ZB109,2,hypoxia,25,38,38.1,25,29.5,3,0,100,NA
ZB109,2,normoxia,89,38,38.1,100,103.5,2,1,100,NA
ZB109,2,hypoxia,25,26,26,25,21.5,2,2,100,NA
ZB109,2,normoxia,89,38,38.1,100,103.5,2,1,100,NA
ZB109,2,normoxia,89,26,25.7,100,94.2,2,2,100,NA
ZB109,2,hypoxia,25,38,38.1,25,29.9,3,2,100,NA
ZB109,2,normoxia,89,38,38,100,104,2,2,100,NA
ZB110,2,hypoxia,25,26,26.3,25,23.1,4,4,100,NA
ZB110,2,normoxia,89,26,26.3,100,96,4,4,100,NA
ZB110,2,hypoxia,25,38,37.6,25,28.2,4,0,100,NA
ZB110,2,normoxia,89,38,38,100,103.5,2,2,100,NA
ZB110,2,hypoxia,25,26,26,25,22.7,4,4,100,NA
ZB110,2,normoxia,89,26,25.7,100,94.6,4,4,100,NA
ZB110,2,hypoxia,25,38,38.1,25,29.5,4,0,100,NA
ZB110,2,normoxia,89,38,38.1,100,103.5,4,3,100,NA
ZB110,2,hypoxia,25,26,26,25,21.5,4,4,100,NA
ZB110,2,normoxia,89,38,38.1,100,103.5,4,3,100,NA
ZB110,2,normoxia,89,26,25.7,100,94.2,3,3,100,NA
ZB110,2,hypoxia,25,38,38.1,25,29.9,4,4,100,NA
ZB110,2,normoxia,89,38,38,100,104,3,3,100,NA
ZB111,2,hypoxia,25,26,26.3,25,23.1,5,5,100,NA
ZB111,2,normoxia,89,26,26.3,100,96,3,3,100,NA
ZB111,2,hypoxia,25,38,37.6,25,28.2,3,0,100,NA
ZB111,2,normoxia,89,38,38,100,103.5,3,3,100,NA
ZB111,2,hypoxia,25,26,26,25,22.7,4,4,100,NA
ZB111,2,normoxia,89,26,25.7,100,94.6,3,3,100,NA
ZB111,2,hypoxia,25,38,38.1,25,29.5,3,0,100,NA
ZB111,2,normoxia,89,38,38.1,100,103.5,3,2,100,NA
ZB111,2,hypoxia,25,26,26,25,21.5,4,4,100,NA
ZB111,2,normoxia,89,38,38.1,100,103.5,3,2,100,NA
ZB111,2,normoxia,89,26,25.7,100,94.2,3,3,100,NA
ZB111,2,hypoxia,25,38,38.1,25,29.9,3,2,100,NA
ZB111,2,normoxia,89,38,38,100,104,3,3,100,NA
ZB112,2,hypoxia,25,26,26.3,25,23.1,5,5,100,NA
ZB112,2,normoxia,89,26,26.3,100,96,6,6,100,NA
ZB112,2,hypoxia,25,38,37.6,25,28.2,5,1,100,NA
ZB112,2,normoxia,89,38,38,100,103.5,7,7,100,NA
ZB112,2,hypoxia,25,26,26,25,22.7,5,5,100,NA
ZB112,2,normoxia,89,26,25.7,100,94.6,7,7,100,NA
ZB112,2,hypoxia,25,38,38.1,25,29.5,3,0,100,NA
ZB112,2,normoxia,89,38,38.1,100,103.5,6,5,100,NA
ZB112,2,hypoxia,25,26,26,25,21.5,6,6,100,NA
ZB112,2,normoxia,89,38,38.1,100,103.5,6,5,100,NA
ZB112,2,normoxia,89,26,25.7,100,94.2,7,7,100,NA
ZB112,2,hypoxia,25,38,38.1,25,29.9,5,4,100,NA
ZB112,2,normoxia,89,38,38,100,104,7,7,100,NA
ZB113,2,hypoxia,25,26,26.3,25,23.1,1,1,100,NA
ZB113,2,normoxia,89,26,26.3,100,96,1,1,100,NA
ZB113,2,normoxia,89,38,38,100,103.5,1,1,100,NA
ZB113,2,hypoxia,25,26,26,25,22.7,1,1,100,NA
ZB113,2,normoxia,89,26,25.7,100,94.6,1,1,100,NA
ZB113,2,normoxia,89,38,38.1,100,103.5,1,1,100,NA
ZB113,2,hypoxia,25,26,26,25,21.5,1,1,100,NA
ZB113,2,normoxia,89,38,38.1,100,103.5,1,1,100,NA
ZB113,2,normoxia,89,26,25.7,100,94.2,1,1,100,NA
ZB113,2,normoxia,89,38,38,100,104,1,1,100,NA
ZB114,2,hypoxia,25,26,26.3,25,23.1,1,1,100,NA
ZB114,2,normoxia,89,26,26.3,100,96,1,1,100,NA
ZB114,2,hypoxia,25,38,37.6,25,28.2,1,1,100,NA
ZB114,2,normoxia,89,38,38,100,103.5,2,2,100,NA
ZB114,2,hypoxia,25,26,26,25,22.7,1,1,100,NA
ZB114,2,normoxia,89,26,25.7,100,94.6,2,2,100,NA
ZB114,2,hypoxia,25,38,38.1,25,29.5,1,0,100,NA
ZB114,2,normoxia,89,38,38.1,100,103.5,1,1,100,NA
ZB114,2,hypoxia,25,26,26,25,21.5,1,1,100,NA
ZB114,2,normoxia,89,38,38.1,100,103.5,1,1,100,NA
ZB114,2,normoxia,89,26,25.7,100,94.2,3,3,100,NA
ZB114,2,hypoxia,25,38,38.1,25,29.9,1,1,100,NA
ZB114,2,normoxia,89,38,38,100,104,3,3,100,NA
ZB115,2,hypoxia,25,26,26.3,25,23.1,1,1,100,NA
ZB115,2,hypoxia,25,38,37.6,25,28.2,1,0,100,NA
ZB115,2,hypoxia,25,26,26,25,22.7,1,1,100,NA
ZB115,2,hypoxia,25,38,38.1,25,29.5,1,0,100,NA
ZB115,2,hypoxia,25,26,26,25,21.5,2,2,100,NA
ZB115,2,hypoxia,25,38,38.1,25,29.9,1,1,100,NA
ZB116,2,hypoxia,25,26,26.3,25,24,5,5,100,NA
ZB116,2,normoxia,89,26,26,100,100.1,5,5,100,NA
ZB116,2,hypoxia,25,38,38.1,25,28.8,5,0,100,NA
ZB116,2,normoxia,89,38,38.2,100,103.7,5,0,100,NA
ZB116,2,hypoxia,25,26,26.1,25,24.3,5,5,100,NA
ZB116,2,normoxia,89,26,26.3,100,91,5,5,100,NA
ZB116,2,hypoxia,25,38,37.9,25,27,5,5,100,NA
ZB116,2,normoxia,89,38,38,100,100.5,5,0,100,NA
ZB116,2,hypoxia,25,26,26,25,23.4,5,5,100,NA
ZB116,2,normoxia,89,26,26,100,93.8,5,5,100,NA
ZB116,2,hypoxia,25,38,37.9,25,29.2,4,0,100,NA
ZB116,2,normoxia,89,38,38.1,100,101.9,4,0,100,NA
ZB117,2,hypoxia,25,26,26.3,25,24,5,5,100,NA
ZB117,2,normoxia,89,26,26,100,100.1,4,4,100,NA
ZB117,2,hypoxia,25,38,38.1,25,28.8,5,0,100,NA
ZB117,2,normoxia,89,38,38.2,100,103.7,4,0,100,NA
ZB117,2,hypoxia,25,26,26.1,25,24.3,5,5,100,NA
ZB117,2,normoxia,89,26,26.3,100,91,4,4,100,NA
ZB117,2,hypoxia,25,38,37.9,25,27,5,4,100,NA
ZB117,2,normoxia,89,38,38,100,100.5,4,0,100,NA
ZB117,2,hypoxia,25,26,26,25,23.4,5,5,100,NA
ZB117,2,normoxia,89,26,26,100,93.8,4,4,100,NA
ZB117,2,hypoxia,25,38,37.9,25,29.2,5,0,100,NA
ZB117,2,normoxia,89,38,38.1,100,101.9,4,0,100,NA
ZB118,2,hypoxia,25,26,26.3,25,24,4,4,100,NA
ZB118,2,normoxia,89,26,26,100,100.1,4,4,100,NA
ZB118,2,hypoxia,25,38,38.1,25,28.8,4,0,100,NA
ZB118,2,normoxia,89,38,38.2,100,103.7,4,0,100,NA
ZB118,2,hypoxia,25,26,26.1,25,24.3,4,4,100,NA
ZB118,2,normoxia,89,26,26.3,100,91,4,4,100,NA
ZB118,2,hypoxia,25,38,37.9,25,27,4,3,100,NA
ZB118,2,normoxia,89,38,38,100,100.5,4,0,100,NA
ZB118,2,hypoxia,25,26,26,25,23.4,4,4,100,NA
ZB118,2,normoxia,89,26,26,100,93.8,4,4,100,NA
ZB118,2,hypoxia,25,38,37.9,25,29.2,5,0,100,NA
ZB118,2,normoxia,89,38,38.1,100,101.9,4,0,100,NA
ZB119,2,hypoxia,25,26,26.3,25,24,3,3,100,NA
ZB119,2,normoxia,89,26,26,100,100.1,3,3,100,NA
ZB119,2,hypoxia,25,38,38.1,25,28.8,4,0,100,NA
ZB119,2,normoxia,89,38,38.2,100,103.7,3,0,100,NA
ZB119,2,hypoxia,25,26,26.1,25,24.3,3,3,100,NA
ZB119,2,normoxia,89,26,26.3,100,91,2,2,100,NA
ZB119,2,hypoxia,25,38,37.9,25,27,4,3,100,NA
ZB119,2,normoxia,89,38,38,100,100.5,3,0,100,NA
ZB119,2,hypoxia,25,26,26,25,23.4,3,3,100,NA
ZB119,2,normoxia,89,26,26,100,93.8,3,3,100,NA
ZB119,2,hypoxia,25,38,37.9,25,29.2,4,0,100,NA
ZB119,2,normoxia,89,38,38.1,100,101.9,4,0,100,NA
ZB120,2,hypoxia,25,26,26.3,25,24,6,6,100,NA
ZB120,2,normoxia,89,26,26,100,100.1,5,5,100,NA
ZB120,2,hypoxia,25,38,38.1,25,28.8,5,0,100,NA
ZB120,2,normoxia,89,38,38.2,100,103.7,5,0,100,NA
ZB120,2,hypoxia,25,26,26.1,25,24.3,6,6,100,NA
ZB120,2,normoxia,89,26,26.3,100,91,5,5,100,NA
ZB120,2,hypoxia,25,38,37.9,25,27,5,5,100,NA
ZB120,2,normoxia,89,38,38,100,100.5,4,0,100,NA
ZB120,2,hypoxia,25,26,26,25,23.4,6,6,100,NA
ZB120,2,normoxia,89,26,26,100,93.8,5,5,100,NA
ZB120,2,hypoxia,25,38,37.9,25,29.2,6,0,100,NA
ZB120,2,normoxia,89,38,38.1,100,101.9,6,0,100,NA
ZB121,2,hypoxia,25,26,26.3,25,24,4,4,100,NA
ZB121,2,normoxia,89,26,26,100,100.1,4,4,100,NA
ZB121,2,hypoxia,25,38,38.1,25,28.8,4,0,100,NA
ZB121,2,normoxia,89,38,38.2,100,103.7,4,2,100,NA
ZB121,2,hypoxia,25,26,26.1,25,24.3,4,4,100,NA
ZB121,2,normoxia,89,26,26.3,100,91,4,4,100,NA
ZB121,2,hypoxia,25,38,37.9,25,27,4,4,100,NA
ZB121,2,normoxia,89,38,38,100,100.5,4,0,100,NA
ZB121,2,hypoxia,25,26,26,25,23.4,4,4,100,NA
ZB121,2,normoxia,89,26,26,100,93.8,4,4,100,NA
ZB121,2,hypoxia,25,38,37.9,25,29.2,4,0,100,NA
ZB121,2,normoxia,89,38,38.1,100,101.9,5,0,100,NA
ZB122,2,hypoxia,25,26,26.3,25,24,4,4,100,NA
ZB122,2,normoxia,89,26,26,100,100.1,4,4,100,NA
ZB122,2,hypoxia,25,38,38.1,25,28.8,4,0,100,NA
ZB122,2,normoxia,89,38,38.2,100,103.7,4,0,100,NA
ZB122,2,hypoxia,25,26,26.1,25,24.3,4,4,100,NA
ZB122,2,normoxia,89,26,26.3,100,91,4,4,100,NA
ZB122,2,hypoxia,25,38,37.9,25,27,4,4,100,NA
ZB122,2,normoxia,89,38,38,100,100.5,4,0,100,NA
ZB122,2,hypoxia,25,26,26,25,23.4,4,4,100,NA
ZB122,2,normoxia,89,26,26,100,93.8,4,4,100,NA
ZB122,2,hypoxia,25,38,37.9,25,29.2,3,0,100,NA
ZB122,2,normoxia,89,38,38.1,100,101.9,3,0,100,NA
ZB123,2,hypoxia,25,26,26.3,25,24,4,4,100,NA
ZB123,2,normoxia,89,26,26,100,100.1,5,5,100,NA
ZB123,2,hypoxia,25,38,38.1,25,28.8,4,0,100,NA
ZB123,2,normoxia,89,38,38.2,100,103.7,4,0,100,NA
ZB123,2,hypoxia,25,26,26.1,25,24.3,4,4,100,NA
ZB123,2,normoxia,89,26,26.3,100,91,4,4,100,NA
ZB123,2,hypoxia,25,38,37.9,25,27,4,3,100,NA
ZB123,2,normoxia,89,38,38,100,100.5,4,0,100,NA
ZB123,2,hypoxia,25,26,26,25,23.4,4,4,100,NA
ZB123,2,normoxia,89,26,26,100,93.8,4,4,100,NA
ZB123,2,hypoxia,25,38,37.9,25,29.2,4,0,100,NA
ZB123,2,normoxia,89,38,38.1,100,101.9,4,0,100,NA
ZB124,2,hypoxia,25,26,26.3,25,24,2,2,100,NA
ZB124,2,normoxia,89,26,26,100,100.1,1,1,100,NA
ZB124,2,hypoxia,25,38,38.1,25,28.8,4,0,100,NA
ZB124,2,normoxia,89,38,38.2,100,103.7,1,0,100,NA
ZB124,2,hypoxia,25,26,26.1,25,24.3,2,2,100,NA
ZB124,2,normoxia,89,26,26.3,100,91,1,1,100,NA
ZB124,2,hypoxia,25,38,37.9,25,27,4,4,100,NA
ZB124,2,normoxia,89,38,38,100,100.5,1,0,100,NA
ZB124,2,hypoxia,25,26,26,25,23.4,2,2,100,NA
ZB124,2,normoxia,89,26,26,100,93.8,1,1,100,NA
ZB124,2,hypoxia,25,38,37.9,25,29.2,2,0,100,NA
ZB124,2,normoxia,89,38,38.1,100,101.9,1,0,100,NA
ZB125,2,hypoxia,25,26,26.3,25,24,2,2,100,NA
ZB125,2,normoxia,89,26,26,100,100.1,2,2,100,NA
ZB125,2,normoxia,89,38,38.2,100,103.7,2,0,100,NA
ZB125,2,hypoxia,25,26,26.1,25,24.3,2,2,100,NA
ZB125,2,normoxia,89,26,26.3,100,91,2,2,100,NA
ZB125,2,normoxia,89,38,38,100,100.5,2,0,100,NA
ZB125,2,hypoxia,25,26,26,25,23.4,2,2,100,NA
ZB125,2,normoxia,89,26,26,100,93.8,2,2,100,NA
ZB125,2,hypoxia,25,38,37.9,25,29.2,1,0,100,NA
ZB125,2,normoxia,89,38,38.1,100,101.9,3,0,100,NA
ZB126,2,hypoxia,25,26,25.8,25,23.2,8,6,100,NA
ZB126,2,normoxia,89,26,25.7,100,94.8,8,8,100,NA
ZB126,2,hypoxia,25,38,38,25,28,8,0,100,NA
ZB126,2,normoxia,89,38,38,100,100.2,8,6,100,NA
ZB127,2,hypoxia,25,26,25.8,25,23.2,14,14,100,NA
ZB127,2,normoxia,89,26,25.7,100,94.8,13,13,100,NA
ZB127,2,hypoxia,25,38,38,25,28,15,3,100,NA
ZB127,2,normoxia,89,38,38,100,100.2,13,13,100,NA
ZB128,2,hypoxia,25,26,25.8,25,23.2,23,23,100,NA
ZB128,2,normoxia,89,26,25.7,100,94.8,22,22,100,NA
ZB128,2,hypoxia,25,38,38,25,28,23,21,100,NA
ZB128,2,normoxia,89,38,38,100,100.2,22,20,100,NA
ZB129,2,hypoxia,10,38,38.1,25,23.9,20,20,100,NA
ZB129,2,hypoxia,10,38,38.3,25,25,19,19,100,NA
ZB130,2,hypoxia,10,38,38.2,25,23.1,9,9,100,NA
ZB130,2,hypoxia,10,38,38.4,25,25,9,9,100,NA
ZB131,3,hypoxia,10,38,37.7,25,26.3,11,11,33.299999999999997,Excludeddue to low efficiency induction
ZB132,2,hypoxia,10,38,38.3,25,23.11,10,10,100,NA
ZB132,2,hypoxia,10,38,38.5,25,25,11,11,100,NA
ZB133,2,normoxia,20.89,38,37.9,100,104.5,6,6,100,NA
ZB133,2,normoxia,20.89,26,25.9,100,97.5,5,5,100,NA
ZB134,3,normoxia,20.89,38,37.9,100,104.5,11,11,NA,Excluded due to absence of induction efficiency success
ZB134,3,normoxia,20.89,26,25.9,100,97.5,11,11,NA,Excluded due to absence of induction efficiency success
ZB135,2,normoxia,20.89,38,37.9,100,104.5,14,14,100,NA
ZB135,2,normoxia,20.89,26,25.9,100,97.5,13,13,100,NA
ZB136,3,normoxia,20.89,38,37.9,100,104.5,1,1,NA,Excluded due to absence of induction efficiency success
ZB137,3,normoxia,20.89,38,37.9,100,104.5,5,5,NA,Excluded due to absence of induction efficiency success
ZB137,3,normoxia,20.89,26,25.9,100,97.5,4,4,NA,Excluded due to absence of induction efficiency success
ZB138,2,normoxia,20.89,38,37.9,100,104.5,4,4,100,NA
ZB138,2,normoxia,20.89,26,25.9,100,97.5,4,4,100,NA
ZB139,3,normoxia,20.89,38,37.9,100,104.5,2,2,NA,Excluded due to absence of induction efficiency success
ZB139,3,normoxia,20.89,26,25.9,100,97.5,2,2,NA,Excluded due to absence of induction efficiency success
ZB140,2,hypoxia,8.1,38,38.1,25,24.1,10,10,100,NA
ZB140,2,hypoxia,8.1,26,26.1,25,27,9,9,100,NA
ZB141,3,hypoxia,8.1,38,38.1,25,24.1,1,1,100,NA
ZB141,3,hypoxia,8.1,26,26.1,25,27.1,1,1,100,NA
ZB142,3,hypoxia,8.1,38,38.1,25,24.1,1,1,100,NA
ZB142,3,hypoxia,8.1,26,26.1,25,27.2,1,1,100,NA
ZB143,3,hypoxia,8.1,38,38.1,25,24.1,8,8,100,NA
ZB143,3,hypoxia,8.1,26,26.1,25,27.3,8,8,100,NA
ZB144,2,hypoxia,8.1,38,38.1,25,24.1,10,10,100,NA
ZB144,2,hypoxia,8.1,26,26.1,25,27.4,9,9,100,NA
ZB145,3,hypoxia,8.1,38,38.1,25,24.1,7,7,100,NA
ZB145,3,hypoxia,8.1,26,26.1,25,27.5,7,7,100,NA
ZB146,2,hypoxia,8.1,38,38.1,25,24.1,5,5,100,NA
ZB146,2,hypoxia,8.1,26,26.1,25,27.6,6,6,100,NA
ZB17,3,hypoxia,30,40,39.7,25,26.6,4,0,14.3,Excludeddue to low efficiency induction
ZB17,3,normoxia,30,40,39.7,100,98,4,3,14.3,Excludeddue to low efficiency induction
ZB17,3,hyperoxia,30,40,40.4,225,220.7,4,3,14.3,Excludeddue to low efficiency induction
ZB17,3,hypoxia,15,40,39.7,25,26.6,3,0,14.3,Excludeddue to low efficiency induction
ZB17,3,normoxia,60,40,39.7,100,117,3,0,14.3,Excludeddue to low efficiency induction
ZB17,3,hyperoxia,60,40,40.9,225,306.5,2,0,14.3,Excludeddue to low efficiency induction
ZB18,3,hypoxia,30,40,39.7,25,26.6,3,0,50,Excludeddue to low efficiency induction
ZB18,3,normoxia,30,40,39.7,100,98,3,2,50,Excludeddue to low efficiency induction
ZB18,3,hyperoxia,30,40,40.4,225,220.7,3,3,50,Excludeddue to low efficiency induction
ZB18,3,hypoxia,15,40,39.7,25,26.6,2,0,50,Excludeddue to low efficiency induction
ZB18,3,normoxia,60,40,39.7,100,117,2,0,50,Excludeddue to low efficiency induction
ZB18,3,hyperoxia,60,40,40.9,225,306.5,2,0,50,Excludeddue to low efficiency induction
ZB19,2,hypoxia,30,40,39.7,25,26.6,5,0,100,NA
ZB19,2,normoxia,30,40,39.7,100,98,6,5,100,NA
ZB19,2,hyperoxia,30,40,40.4,225,220.7,6,6,100,NA
ZB19,2,hypoxia,15,40,39.7,25,26.6,6,0,100,NA
ZB19,2,normoxia,60,40,39.7,100,117,6,0,100,NA
ZB19,2,hyperoxia,60,40,40.9,225,306.5,6,0,100,NA
ZB20,2,hypoxia,30,40,39.7,25,26.6,2,0,100,NA
ZB20,2,normoxia,30,40,39.7,100,98,2,2,100,NA
ZB20,2,hyperoxia,30,40,40.4,225,220.7,2,2,100,NA
ZB20,2,hypoxia,15,40,39.7,25,26.6,2,0,100,NA
ZB20,2,normoxia,60,40,39.7,100,117,2,0,100,NA
ZB20,2,hyperoxia,60,40,40.9,225,306.5,2,0,100,NA
ZB21,3,hypoxia,7.5,40,39.8,25,23.7,5,5,87.5,NA
ZB21,3,normoxia,60,40,40.2,100,108.6,5,0,87.5,NA
ZB21,3,hyperoxia,45,40,39.6,225,239,5,5,87.5,NA
ZB21,3,hypoxia,3.75,40,39.8,25,23.7,5,5,87.5,NA
ZB21,3,normoxia,120,40,39.9,100,96.8,5,0,87.5,NA
ZB21,3,hyperoxia,37.5,40,39.6,225,239,4,0,87.5,NA
ZB22,3,hypoxia,7.5,40,39.8,25,23.7,3,3,83.3,NA
ZB22,3,normoxia,60,40,40.2,100,108.6,3,0,83.3,NA
ZB22,3,hyperoxia,45,40,39.6,225,239,3,1,83.3,NA
ZB22,3,hypoxia,3.75,40,39.8,25,23.7,3,3,83.3,NA
ZB22,3,normoxia,120,40,39.9,100,96.8,3,0,83.3,NA
ZB22,3,hyperoxia,37.5,40,39.6,225,239,3,0,83.3,NA
ZB23,2,hypoxia,7.5,40,39.8,25,23.7,5,5,100,NA
ZB23,2,normoxia,60,40,40.2,100,108.6,5,0,100,NA
ZB23,2,hyperoxia,45,40,39.6,225,239,5,3,100,NA
ZB23,2,hypoxia,3.75,40,39.8,25,23.7,5,5,100,NA
ZB23,2,normoxia,120,40,39.9,100,96.8,5,0,100,NA
ZB23,2,hyperoxia,37.5,40,39.6,225,239,3,0,100,NA
ZB24,2,hypoxia,7.5,40,39.8,25,23.7,7,7,100,NA
ZB24,2,normoxia,60,40,40.2,100,108.6,7,0,100,NA
ZB24,2,hyperoxia,45,40,39.6,225,239,7,3,100,NA
ZB24,2,hypoxia,3.75,40,39.8,25,23.7,7,7,100,NA
ZB24,2,normoxia,120,40,39.9,100,96.8,7,0,100,NA
ZB24,2,hyperoxia,37.5,40,39.6,225,239,7,0,100,NA
ZB25,2,hypoxia,11.25,40,39.7,25,24.6,1,0,100,NA
ZB25,2,normoxia,45,40,39.7,100,106.8,1,1,100,NA
ZB25,2,hypoxia,13,40,39.7,25,29.4,1,0,100,NA
ZB25,2,normoxia,52.5,40,39.6,100,105.7,1,0,100,NA
ZB26,3,hypoxia,11.25,40,39.7,25,24.6,10,0,90.9,NA
ZB26,3,normoxia,45,40,39.7,100,106.8,10,7,90.9,NA
ZB26,3,hypoxia,13,40,39.7,25,29.4,10,0,90.9,NA
ZB26,3,normoxia,52.5,40,39.6,100,105.7,10,0,90.9,NA
ZB26,3,hyperoxia,56.25,40,39.7,225,249.5,10,0,90.9,NA
ZB27,2,hypoxia,11.25,40,39.7,25,24.6,1,0,100,NA
ZB27,2,normoxia,45,40,39.7,100,106.8,1,1,100,NA
ZB27,2,hypoxia,13,40,39.7,25,29.4,1,0,100,NA
ZB27,2,normoxia,52.5,40,39.6,100,105.7,1,0,100,NA
ZB27,2,hyperoxia,56.25,40,39.7,225,249.5,2,0,100,NA
ZB28,2,hypoxia,11.25,40,39.7,25,24.6,2,0,100,NA
ZB28,2,normoxia,45,40,39.7,100,106.8,2,2,100,NA
ZB28,2,hypoxia,13,40,39.7,25,29.4,3,0,100,NA
ZB28,2,normoxia,52.5,40,39.6,100,105.7,3,0,100,NA
ZB28,2,hyperoxia,56.25,40,39.7,225,249.5,3,1,100,NA
ZB29,2,hypoxia,8.5,40,39.8,25,25.6,1,1,100,NA
ZB29,2,normoxia,56.25,40,39.9,100,106.3,1,0,100,NA
ZB29,2,hyperoxia,52.5,40,39.7,225,289,1,0,100,NA
ZB29,2,hypoxia,15,39,38.8,25,24.9,1,1,100,NA
ZB31,3,hypoxia,8.5,40,39.8,25,25.6,2,1,100,NA
ZB31,3,normoxia,56.25,40,39.9,100,106.3,2,0,100,NA
ZB31,3,hyperoxia,52.5,40,39.7,225,289,2,0,100,NA
ZB31,3,hypoxia,15,39,38.8,25,24.9,2,2,100,NA
ZB31,3,normoxia,60,39,39,100,101.5,2,0,100,NA
ZB31,3,hyperoxia,60,39,38.8,225,225.6,2,0,100,NA
ZB31,3,hypoxia,9.5,40,39.8,25,25.6,2,0,100,NA
ZB32,2,hypoxia,8.5,40,39.8,25,25.6,2,1,100,NA
ZB32,2,normoxia,56.25,40,39.9,100,106.3,2,0,100,NA
ZB32,2,hyperoxia,52.5,40,39.7,225,289,2,0,100,NA
ZB32,2,hypoxia,15,39,38.8,25,24.9,2,2,100,NA
ZB32,2,normoxia,60,39,39,100,101.5,2,0,100,NA
ZB32,2,hyperoxia,60,39,38.8,225,225.6,3,3,100,NA
ZB32,2,hypoxia,9.5,40,39.8,25,25.6,3,0,100,NA
ZB33,3,hypoxia,8.5,40,39.8,25,25.6,1,1,80,NA
ZB33,3,normoxia,56.25,40,39.9,100,106.3,2,0,80,NA
ZB33,3,hyperoxia,52.5,40,39.7,225,289,1,0,80,NA
ZB33,3,hypoxia,15,39,38.8,25,24.9,1,1,80,NA
ZB33,3,normoxia,60,39,39,100,101.5,1,0,80,NA
ZB33,3,hyperoxia,60,39,38.8,225,225.6,1,0,80,NA
ZB33,3,hypoxia,9.5,40,39.8,25,25.6,1,0,80,NA
ZB34,2,hypoxia,8.5,40,39.8,25,25.6,7,7,100,NA
ZB34,2,normoxia,56.25,40,39.9,100,106.3,7,0,100,NA
ZB34,2,hyperoxia,52.5,40,39.7,225,289,7,0,100,NA
ZB34,2,hypoxia,15,39,38.8,25,24.9,7,7,100,NA
ZB34,2,normoxia,60,39,39,100,101.5,7,0,100,NA
ZB34,2,hyperoxia,60,39,38.8,225,225.6,7,6,100,NA
ZB34,2,hypoxia,9.5,40,39.8,25,25.6,7,1,100,NA
ZB35,3,hypoxia,8.5,40,39.8,25,25.6,1,1,75,NA
ZB35,3,normoxia,56.25,40,39.9,100,106.3,1,0,75,NA
ZB35,3,hyperoxia,52.5,40,39.7,225,289,2,0,75,NA
ZB35,3,hypoxia,15,39,38.8,25,24.9,1,1,75,NA
ZB35,3,normoxia,60,39,39,100,101.5,1,0,75,NA
ZB35,3,hypoxia,9.5,40,39.8,25,25.6,1,0,75,NA
ZB36,2,hypoxia,30,38,38.3,25,24.8,2,0,100,NA
ZB36,2,normoxia,240,38,37.8,100,99.5,2,0,100,NA
ZB36,2,hyperoxia,240,38,37.9,225,238.5,2,1,100,NA
ZB36,2,hypoxia,30,39,39.2,25,28,2,0,100,NA
ZB36,2,normoxia,45,39,39.2,100,100.3,2,2,100,NA
ZB36,2,hyperoxia,45,39,39.5,225,251.2,3,3,100,NA
ZB36,2,hypoxia,22,39,39.2,25,28,2,0,100,NA
ZB36,2,normoxia,90,39,39.2,100,100.3,2,2,100,NA
ZB36,2,hyperoxia,90,39,39.5,225,251.2,2,1,100,NA
ZB37,3,hypoxia,30,38,38.3,25,24.8,1,0,100,NA
ZB37,3,normoxia,240,38,37.8,100,99.5,1,0,100,NA
ZB37,3,hyperoxia,240,38,37.9,225,238.5,1,1,100,NA
ZB37,3,hypoxia,30,39,39.2,25,28,1,0,100,NA
ZB37,3,normoxia,45,39,39.2,100,100.3,1,0,100,NA
ZB37,3,hyperoxia,45,39,39.5,225,251.2,1,1,100,NA
ZB37,3,hypoxia,22,39,39.2,25,28,1,0,100,NA
ZB37,3,normoxia,90,39,39.2,100,100.3,1,0,100,NA
ZB38,3,hypoxia,30,38,38.3,25,24.8,1,0,66.7,Excludeddue to low efficiency induction
ZB38,3,normoxia,240,38,37.8,100,99.5,1,1,66.7,Excludeddue to low efficiency induction
ZB38,3,hypoxia,30,39,39.2,25,28,1,0,66.7,Excludeddue to low efficiency induction
ZB38,3,normoxia,45,39,39.2,100,100.3,1,1,66.7,Excludeddue to low efficiency induction
ZB38,3,hyperoxia,45,39,39.5,225,251.2,1,1,66.7,Excludeddue to low efficiency induction
ZB38,3,hypoxia,22,39,39.2,25,28,1,0,66.7,Excludeddue to low efficiency induction
ZB38,3,normoxia,90,39,39.2,100,100.3,1,1,66.7,Excludeddue to low efficiency induction
ZB38,3,hyperoxia,90,39,39.5,225,251.2,1,0,66.7,Excludeddue to low efficiency induction
ZB39,2,hypoxia,30,38,38.3,25,24.8,1,0,100,NA
ZB39,2,normoxia,240,38,37.8,100,99.5,1,0,100,NA
ZB39,2,hyperoxia,240,38,37.9,225,238.5,1,0,100,NA
ZB40,3,hypoxia,15,38,37.7,25,21.8,5,0,80,NA
ZB40,3,normoxia,240,38,37.9,100,108.9,5,0,80,NA
ZB40,3,hyperoxia,240,38,38.2,225,280.3,5,2,80,NA
ZB40,3,hypoxia,18.5,39,38.7,25,20.1,5,0,80,NA
ZB40,3,normoxia,90,39,39.1,100,104.5,5,5,80,NA
ZB40,3,hyperoxia,90,39,39,225,233.1,5,0,80,NA
ZB40,3,hypoxia,17,39,38.9,25,20.2,5,1,80,NA
ZB40,3,normoxia,120,39,38.7,100,100.6,5,3,80,NA
ZB40,3,hyperoxia,120,39,39.3,225,210.5,5,0,80,NA
ZB41,2,hypoxia,15,38,37.7,25,21.8,10,0,100,NA
ZB41,2,normoxia,240,38,37.9,100,108.9,10,0,100,NA
ZB41,2,hyperoxia,240,38,38.2,225,280.3,9,4,100,NA
ZB41,2,hypoxia,18.5,39,38.7,25,20.1,9,0,100,NA
ZB41,2,normoxia,90,39,39.1,100,104.5,10,10,100,NA
ZB41,2,hyperoxia,90,39,39,225,233.1,10,4,100,NA
ZB41,2,hypoxia,17,39,38.9,25,20.2,10,6,100,NA
ZB41,2,normoxia,120,39,38.7,100,100.6,9,3,100,NA
ZB41,2,hyperoxia,120,39,39.3,225,210.5,9,0,100,NA
ZB42,3,hypoxia,15,38,37.7,25,21.8,6,0,81.8,NA
ZB42,3,normoxia,240,38,37.9,100,108.9,6,0,81.8,NA
ZB42,3,hyperoxia,240,38,38.2,225,280.3,6,1,81.8,NA
ZB42,3,hypoxia,18.5,39,38.7,25,20.1,6,0,81.8,NA
ZB42,3,normoxia,90,39,39.1,100,104.5,6,3,81.8,NA
ZB42,3,hyperoxia,90,39,39,225,233.1,6,0,81.8,NA
ZB42,3,hypoxia,17,39,38.9,25,20.2,6,1,81.8,NA
ZB42,3,normoxia,120,39,38.7,100,100.6,6,0,81.8,NA
ZB42,3,hyperoxia,120,39,39.3,225,210.5,6,0,81.8,NA
ZB43,3,hypoxia,15,38,37.7,25,21.8,6,0,71.400000000000006,NA
ZB43,3,normoxia,240,38,37.9,100,108.9,6,0,71.400000000000006,NA
ZB43,3,hyperoxia,240,38,38.2,225,280.3,6,5,71.400000000000006,NA
ZB43,3,hypoxia,18.5,39,38.7,25,20.1,6,0,71.400000000000006,NA
ZB43,3,normoxia,90,39,39.1,100,104.5,6,6,71.400000000000006,NA
ZB43,3,hyperoxia,90,39,39,225,233.1,6,3,71.400000000000006,NA
ZB43,3,hypoxia,17,39,38.9,25,20.2,5,3,71.400000000000006,NA
ZB43,3,normoxia,120,39,38.7,100,100.6,6,0,71.400000000000006,NA
ZB43,3,hyperoxia,120,39,39.3,225,210.5,6,0,71.400000000000006,NA
ZB44,2,hypoxia,15,38,37.7,25,21.8,7,0,100,NA
ZB44,2,normoxia,240,38,37.9,100,108.9,7,0,100,NA
ZB44,2,hyperoxia,240,38,38.2,225,280.3,7,5,100,NA
ZB44,2,hypoxia,18.5,39,38.7,25,20.1,7,0,100,NA
ZB44,2,normoxia,90,39,39.1,100,104.5,7,7,100,NA
ZB44,2,hyperoxia,90,39,39,225,233.1,7,5,100,NA
ZB44,2,hypoxia,17,39,38.9,25,20.2,7,7,100,NA
ZB44,2,normoxia,120,39,38.7,100,100.6,7,5,100,NA
ZB44,2,hyperoxia,120,39,39.3,225,210.5,7,0,100,NA
ZB45,2,hypoxia,15,38,37.7,25,21.8,1,0,100,NA
ZB45,2,normoxia,240,38,37.9,100,108.9,1,0,100,NA
ZB45,2,hyperoxia,240,38,38.2,225,280.3,1,1,100,NA
ZB45,2,hypoxia,18.5,39,38.7,25,20.1,1,0,100,NA
ZB45,2,normoxia,90,39,39.1,100,104.5,1,1,100,NA
ZB45,2,hyperoxia,90,39,39,225,233.1,1,0,100,NA
ZB45,2,hypoxia,17,39,38.9,25,20.2,1,1,100,NA
ZB45,2,normoxia,120,39,38.7,100,100.6,1,0,100,NA
ZB45,2,hyperoxia,120,39,39.3,225,210.5,1,0,100,NA
ZB47,2,hypoxia,15,38,37.7,25,21.8,6,0,100,NA
ZB47,2,normoxia,240,38,37.9,100,108.9,6,0,100,NA
ZB47,2,hyperoxia,240,38,38.2,225,280.3,6,3,100,NA
ZB47,2,hypoxia,18.5,39,38.7,25,20.1,6,0,100,NA
ZB47,2,normoxia,90,39,39.1,100,104.5,6,6,100,NA
ZB47,2,hyperoxia,90,39,39,225,233.1,6,5,100,NA
ZB47,2,hypoxia,17,39,38.9,25,20.2,5,4,100,NA
ZB47,2,normoxia,120,39,38.7,100,100.6,6,6,100,NA
ZB47,2,hyperoxia,120,39,39.3,225,210.5,6,0,100,NA
ZB48,2,hypoxia,22,39,38.7,25,22,3,1,100,NA
ZB48,2,normoxia,60,39,38.6,100,99.9,3,2,100,NA
ZB48,2,hyperoxia,60,39,39.2,225,190.2,3,3,100,NA
ZB48,2,hypoxia,15,39,38.8,25,23.2,3,3,100,NA
ZB48,2,normoxia,52.5,39,39,100,102.3,3,3,100,NA
ZB48,2,hyperoxia,52.5,39,39.4,225,201.7,4,4,100,NA
ZB48,2,normoxia,120,38,37.6,100,91.9,4,4,100,NA
ZB48,2,hyperoxia,120,38,38.2,225,245.9,4,4,100,NA
ZB49,2,hypoxia,22,39,38.7,25,22,1,1,100,NA
ZB50,3,hypoxia,22,39,38.7,25,22,1,0,66.7,Excludeddue to low efficiency induction
ZB50,3,normoxia,60,39,38.6,100,99.9,1,1,66.7,Excludeddue to low efficiency induction
ZB50,3,hyperoxia,60,39,39.2,225,190.2,1,1,66.7,Excludeddue to low efficiency induction
ZB50,3,hypoxia,15,39,38.8,25,23.2,2,2,66.7,Excludeddue to low efficiency induction
ZB50,3,normoxia,52.5,39,39,100,102.3,2,2,66.7,Excludeddue to low efficiency induction
ZB50,3,hyperoxia,52.5,39,39.4,225,201.7,2,2,66.7,Excludeddue to low efficiency induction
ZB50,3,normoxia,120,38,37.6,100,91.9,2,2,66.7,Excludeddue to low efficiency induction
ZB50,3,hyperoxia,120,38,38.2,225,245.9,1,1,66.7,Excludeddue to low efficiency induction
ZB51,2,hypoxia,22,39,38.7,25,22,2,2,100,NA
ZB51,2,normoxia,60,39,38.6,100,99.9,2,2,100,NA
ZB51,2,hyperoxia,60,39,39.2,225,190.2,2,1,100,NA
ZB51,2,hypoxia,15,39,38.8,25,23.2,2,2,100,NA
ZB51,2,normoxia,52.5,39,39,100,102.3,2,2,100,NA
ZB51,2,hyperoxia,52.5,39,39.4,225,201.7,2,2,100,NA
ZB51,2,normoxia,120,38,37.6,100,91.9,2,2,100,NA
ZB51,2,hyperoxia,120,38,38.2,225,245.9,2,2,100,NA
ZB52,3,normoxia,120,38,37.6,100,91.9,1,1,75,NA
ZB52,3,hyperoxia,120,38,38.2,225,245.9,1,1,75,NA
ZB53,3,hypoxia,22,39,38.7,25,22,1,1,NA,Excluded due to absence of induction efficiency success
ZB53,3,normoxia,60,39,38.6,100,99.9,1,1,NA,Excluded due to absence of induction efficiency success
ZB53,3,hyperoxia,60,39,39.2,225,190.2,1,1,NA,Excluded due to absence of induction efficiency success
ZB53,3,hypoxia,15,39,38.8,25,23.2,1,1,NA,Excluded due to absence of induction efficiency success
ZB53,3,normoxia,52.5,39,39,100,102.3,1,1,NA,Excluded due to absence of induction efficiency success
ZB53,3,hyperoxia,52.5,39,39.4,225,201.7,1,0,NA,Excluded due to absence of induction efficiency success
ZB53,3,normoxia,120,38,37.6,100,91.9,2,1,NA,Excluded due to absence of induction efficiency success
ZB53,3,hyperoxia,120,38,38.2,225,245.9,2,2,NA,Excluded due to absence of induction efficiency success
ZB54,3,hypoxia,22,39,38.7,25,22,1,1,NA,Excluded due to absence of induction efficiency success
ZB54,3,normoxia,60,39,38.6,100,99.9,1,1,NA,Excluded due to absence of induction efficiency success
ZB54,3,hyperoxia,60,39,39.2,225,190.2,1,1,NA,Excluded due to absence of induction efficiency success
ZB54,3,hypoxia,15,39,38.8,25,23.2,1,1,NA,Excluded due to absence of induction efficiency success
ZB54,3,normoxia,52.5,39,39,100,102.3,1,1,NA,Excluded due to absence of induction efficiency success
ZB54,3,hyperoxia,52.5,39,39.4,225,201.7,2,2,NA,Excluded due to absence of induction efficiency success
ZB55,2,hypoxia,22,39,38.7,25,22,5,5,100,NA
ZB55,2,normoxia,60,39,38.6,100,99.9,14,14,100,NA
ZB55,2,hyperoxia,60,39,39.2,225,190.2,5,5,100,NA
ZB55,2,hypoxia,15,39,38.8,25,23.2,10,10,100,NA
ZB55,2,normoxia,52.5,39,39,100,102.3,10,10,100,NA
ZB55,2,hyperoxia,52.5,39,39.4,225,201.7,7,6,100,NA
ZB55,2,normoxia,120,38,37.6,100,91.9,5,5,100,NA
ZB55,2,hyperoxia,120,38,38.2,225,245.9,10,10,100,NA
ZB56,2,hypoxia,22,39,38.7,25,22,8,8,100,NA
ZB56,2,normoxia,60,39,38.6,100,99.9,3,3,100,NA
ZB56,2,hyperoxia,60,39,39.2,225,190.2,8,8,100,NA
ZB56,2,hypoxia,15,39,38.8,25,23.2,3,3,100,NA
ZB56,2,normoxia,52.5,39,39,100,102.3,2,2,100,NA
ZB56,2,hyperoxia,52.5,39,39.4,225,201.7,3,3,100,NA
ZB56,2,normoxia,120,38,37.6,100,91.9,7,7,100,NA
ZB56,2,hyperoxia,120,38,38.2,225,245.9,2,2,100,NA
ZB57,3,hypoxia,8.5,40,40,25,27.3,2,0,NA,Excluded due to absence of induction efficiency success
ZB57,3,normoxia,45,40,40.1,100,93.9,2,2,NA,Excluded due to absence of induction efficiency success
ZB57,3,hyperoxia,45,40,39.7,225,250.1,2,1,NA,Excluded due to absence of induction efficiency success
ZB57,3,hypoxia,30,39,39.1,25,21.5,2,0,NA,Excluded due to absence of induction efficiency success
ZB57,3,normoxia,180,39,39.3,100,98,2,1,NA,Excluded due to absence of induction efficiency success
ZB57,3,hyperoxia,56.3,39,38.8,225,198.2,2,2,NA,Excluded due to absence of induction efficiency success
ZB57,3,hypoxia,9.5,40,39.7,25,27.3,1,0,NA,Excluded due to absence of induction efficiency success
ZB57,3,normoxia,52.2,40,40.3,100,93.9,1,0,NA,Excluded due to absence of induction efficiency success
ZB57,3,hyperoxia,52.2,40,40.3,225,250.1,1,0,NA,Excluded due to absence of induction efficiency success
ZB58,2,hypoxia,8.5,40,40,25,27.3,2,0,100,NA
ZB58,2,normoxia,45,40,40.1,100,93.9,3,3,100,NA
ZB58,2,hyperoxia,45,40,39.7,225,250.1,3,0,100,NA
ZB58,2,hypoxia,30,39,39.1,25,21.5,3,0,100,NA
ZB58,2,normoxia,180,39,39.3,100,98,3,3,100,NA
ZB58,2,hyperoxia,56.3,39,38.8,225,198.2,3,3,100,NA
ZB58,2,hypoxia,9.5,40,39.7,25,27.3,3,0,100,NA
ZB58,2,normoxia,52.2,40,40.3,100,93.9,3,0,100,NA
ZB58,2,hyperoxia,52.2,40,40.3,225,250.1,3,0,100,NA
ZB59,3,hypoxia,8.5,40,40,25,27.3,3,0,NA,Excluded due to absence of induction efficiency success
ZB59,3,normoxia,45,40,40.1,100,93.9,3,0,NA,Excluded due to absence of induction efficiency success
ZB59,3,hyperoxia,45,40,39.7,225,250.1,3,1,NA,Excluded due to absence of induction efficiency success
ZB59,3,hypoxia,30,39,39.1,25,21.5,3,0,NA,Excluded due to absence of induction efficiency success
ZB59,3,normoxia,180,39,39.3,100,98,3,0,NA,Excluded due to absence of induction efficiency success
ZB59,3,hyperoxia,56.3,39,38.8,225,198.2,3,3,NA,Excluded due to absence of induction efficiency success
ZB59,3,hypoxia,9.5,40,39.7,25,27.3,3,0,NA,Excluded due to absence of induction efficiency success
ZB59,3,normoxia,52.2,40,40.3,100,93.9,3,0,NA,Excluded due to absence of induction efficiency success
ZB59,3,hyperoxia,52.2,40,40.3,225,250.1,3,0,NA,Excluded due to absence of induction efficiency success
ZB60,2,hypoxia,8.5,40,40,25,27.3,8,1,100,NA
ZB60,2,normoxia,45,40,40.1,100,93.9,7,0,100,NA
ZB60,2,hyperoxia,45,40,39.7,225,250.1,7,1,100,NA
ZB60,2,hypoxia,30,39,39.1,25,21.5,6,3,100,NA
ZB60,2,normoxia,180,39,39.3,100,98,6,4,100,NA
ZB60,2,hyperoxia,56.3,39,38.8,225,198.2,6,5,100,NA
ZB60,2,hypoxia,9.5,40,39.7,25,27.3,7,4,100,NA
ZB60,2,normoxia,52.2,40,40.3,100,93.9,7,0,100,NA
ZB60,2,hyperoxia,52.2,40,40.3,225,250.1,7,0,100,NA
ZB61,3,hypoxia,8.5,40,40,25,27.3,1,0,NA,Excluded due to absence of induction efficiency success
ZB61,3,normoxia,45,40,40.1,100,93.9,1,0,NA,Excluded due to absence of induction efficiency success
ZB61,3,hyperoxia,45,40,39.7,225,250.1,1,0,NA,Excluded due to absence of induction efficiency success
ZB61,3,hypoxia,30,39,39.1,25,21.5,1,1,NA,Excluded due to absence of induction efficiency success
ZB61,3,normoxia,180,39,39.3,100,98,1,1,NA,Excluded due to absence of induction efficiency success
ZB61,3,hyperoxia,56.3,39,38.8,225,198.2,1,1,NA,Excluded due to absence of induction efficiency success
ZB61,3,hypoxia,9.5,40,39.7,25,27.3,1,1,NA,Excluded due to absence of induction efficiency success
ZB61,3,normoxia,52.2,40,40.3,100,93.9,1,0,NA,Excluded due to absence of induction efficiency success
ZB61,3,hyperoxia,52.2,40,40.3,225,250.1,1,0,NA,Excluded due to absence of induction efficiency success
ZB62,2,hypoxia,8.5,40,40,25,27.3,5,0,100,NA
ZB62,2,normoxia,45,40,40.1,100,93.9,5,0,100,NA
ZB62,2,hyperoxia,45,40,39.7,225,250.1,5,0,100,NA
ZB62,2,hypoxia,30,39,39.1,25,21.5,5,0,100,NA
ZB62,2,normoxia,180,39,39.3,100,98,5,5,100,NA
ZB62,2,hyperoxia,56.3,39,38.8,225,198.2,5,5,100,NA
ZB62,2,hypoxia,9.5,40,39.7,25,27.3,4,1,100,NA
ZB62,2,normoxia,52.2,40,40.3,100,93.9,4,0,100,NA
ZB62,2,hyperoxia,52.2,40,40.3,225,250.1,4,0,100,NA
ZB63,3,hypoxia,22,38,38,25,30.8,3,3,NA,Excluded due to absence of induction efficiency success
ZB63,3,normoxia,180,38,38.1,100,112.5,3,3,NA,Excluded due to absence of induction efficiency success
ZB63,3,hyperoxia,180,38,38.1,225,227,3,0,NA,Excluded due to absence of induction efficiency success
ZB63,3,hypoxia,18.5,38,37.7,25,30.5,5,5,NA,Excluded due to absence of induction efficiency success
ZB63,3,normoxia,240,38,37.7,100,116.2,5,0,NA,Excluded due to absence of induction efficiency success
ZB63,3,hyperoxia,240,38,38.1,225,257,5,0,NA,Excluded due to absence of induction efficiency success
ZB63,3,hypoxia,26,38,38,25,30.5,3,3,NA,Excluded due to absence of induction efficiency success
ZB63,3,hypoxia,45,38,38,25,30.5,3,1,NA,Excluded due to absence of induction efficiency success
ZB63,3,hypoxia,30,38,38.1,25,30.8,3,1,NA,Excluded due to absence of induction efficiency success
ZB64,2,hypoxia,22,38,38,25,30.8,3,3,100,NA
ZB64,2,normoxia,180,38,38.1,100,112.5,2,2,100,NA
ZB64,2,hyperoxia,180,38,38.1,225,227,2,0,100,NA
ZB64,2,hypoxia,18.5,38,37.7,25,30.5,5,5,100,NA
ZB64,2,normoxia,240,38,37.7,100,116.2,5,0,100,NA
ZB64,2,hyperoxia,240,38,38.1,225,257,5,3,100,NA
ZB64,2,hypoxia,26,38,38,25,30.5,4,4,100,NA
ZB64,2,hypoxia,45,38,38,25,30.5,4,3,100,NA
ZB64,2,hypoxia,30,38,38.1,25,30.8,4,3,100,NA
ZB65,2,hypoxia,22,38,38,25,30.8,4,4,100,NA
ZB65,2,normoxia,180,38,38.1,100,112.5,3,3,100,NA
ZB65,2,hyperoxia,180,38,38.1,225,227,3,1,100,NA
ZB65,2,hypoxia,18.5,38,37.7,25,30.5,5,2,100,NA
ZB65,2,normoxia,240,38,37.7,100,116.2,5,0,100,NA
ZB65,2,hyperoxia,240,38,38.1,225,257,5,4,100,NA
ZB67,2,hypoxia,22,38,38,25,30.8,5,5,100,NA
ZB67,2,normoxia,180,38,38.1,100,112.5,5,5,100,NA
ZB67,2,hyperoxia,180,38,38.1,225,227,5,2,100,NA
ZB67,2,hypoxia,18.5,38,37.7,25,30.5,10,9,100,NA
ZB67,2,normoxia,240,38,37.7,100,116.2,10,0,100,NA
ZB67,2,hyperoxia,240,38,38.1,225,257,4,3,100,NA
ZB67,2,hypoxia,26,38,38,25,30.5,5,4,100,NA
ZB67,2,hypoxia,45,38,38,25,30.5,5,4,100,NA
ZB67,2,hypoxia,30,38,38.1,25,30.8,4,0,100,NA
ZB68,3,hypoxia,22,38,38,25,30.8,5,4,NA,Excluded due to absence of induction efficiency success
ZB68,3,normoxia,180,38,38.1,100,112.5,5,5,NA,Excluded due to absence of induction efficiency success
ZB68,3,hyperoxia,180,38,38.1,225,227,5,3,NA,Excluded due to absence of induction efficiency success
ZB68,3,hypoxia,18.5,38,37.7,25,30.5,5,5,NA,Excluded due to absence of induction efficiency success
ZB68,3,normoxia,240,38,37.7,100,116.2,5,0,NA,Excluded due to absence of induction efficiency success
ZB68,3,hyperoxia,240,38,38.1,225,257,5,3,NA,Excluded due to absence of induction efficiency success
ZB68,3,hypoxia,26,38,38,25,30.5,4,4,NA,Excluded due to absence of induction efficiency success
ZB68,3,hypoxia,45,38,38,25,30.5,4,4,NA,Excluded due to absence of induction efficiency success
ZB68,3,hypoxia,30,38,38.1,25,30.8,5,4,NA,Excluded due to absence of induction efficiency success
ZB69,3,hypoxia,52.5,38,37.7,25,25,5,4,NA,Excluded due to absence of induction efficiency success
ZB69,3,normoxia,240,38,37.8,100,94.3,5,0,NA,Excluded due to absence of induction efficiency success
ZB69,3,hyperoxia,210,38,37.8,225,298.7,3,0,NA,Excluded due to absence of induction efficiency success
ZB70,2,hypoxia,52.5,38,37.7,25,25,5,5,100,NA
ZB70,2,normoxia,240,38,37.8,100,94.3,5,1,100,NA
ZB70,2,hyperoxia,210,38,37.8,225,298.7,6,3,100,NA
ZB71,3,hypoxia,52.5,38,37.7,25,25,5,2,NA,Excluded due to absence of induction efficiency success
ZB71,3,normoxia,240,38,37.8,100,94.3,5,0,NA,Excluded due to absence of induction efficiency success
ZB71,3,hyperoxia,210,38,37.8,225,298.7,5,1,NA,Excluded due to absence of induction efficiency success
ZB72,2,hypoxia,52.5,38,37.7,25,25,5,5,100,NA
ZB72,2,normoxia,240,38,37.8,100,94.3,5,0,100,NA
ZB72,2,hyperoxia,210,38,37.8,225,298.7,5,2,100,NA
ZB72,2,hypoxia,45,38,37.8,25,26,7,7,100,NA
ZB72,2,hypoxia,30,38,37.8,25,26,7,7,100,NA
ZB74,2,hypoxia,52.5,38,37.7,25,25,5,5,100,NA
ZB74,2,normoxia,240,38,37.8,100,94.3,5,2,100,NA
ZB74,2,hyperoxia,210,38,37.8,225,298.7,5,1,100,NA
ZB75,3,hypoxia,52.5,38,37.7,25,25,5,5,NA,Excluded due to absence of induction efficiency success
ZB75,3,normoxia,240,38,37.8,100,94.3,5,0,NA,Excluded due to absence of induction efficiency success
ZB75,3,hyperoxia,210,38,37.8,225,298.7,3,0,NA,Excluded due to absence of induction efficiency success
ZB75,3,hypoxia,45,38,37.8,25,26,5,5,NA,Excluded due to absence of induction efficiency success
ZB75,3,hypoxia,30,38,37.8,25,26,5,5,NA,Excluded due to absence of induction efficiency success
ZB76,2,hypoxia,52.5,38,37.7,25,25,5,5,100,NA
ZB76,2,normoxia,240,38,37.8,100,94.3,5,0,100,NA
ZB76,2,hyperoxia,210,38,37.8,225,298.7,5,0,100,NA
ZB76,2,hypoxia,45,38,37.8,25,26,5,5,100,NA
ZB76,2,hypoxia,30,38,37.8,25,26,5,5,100,NA
ZB77,3,hypoxia,52.5,38,37.7,25,25,5,3,NA,Excluded due to absence of induction efficiency success
ZB77,3,normoxia,240,38,37.8,100,94.3,5,0,NA,Excluded due to absence of induction efficiency success
ZB78,2,hypoxia,45,38,37.8,25,26,4,4,100,NA
ZB78,2,hypoxia,30,38,37.8,25,26,4,4,100,NA
ZB79,3,hypoxia,45,38,37.8,25,26,3,2,NA,Excluded due to absence of induction efficiency success
ZB79,3,hypoxia,30,38,37.8,25,26,3,3,NA,Excluded due to absence of induction efficiency success
ZB80,2,hypoxia,11.22,38,37.6,25,24.3,1,1,100,NA
ZB80,2,normoxia,50,38,37.7,100,112.5,1,1,100,NA
ZB80,2,hyperoxia,80,38,38,225,250,1,1,100,NA
ZB80,2,normoxia,50,26,25.9,100,100.4,1,1,100,NA
ZB81,3,hypoxia,11.22,38,37.6,25,24.3,10,10,NA,Excluded due to absence of induction efficiency success
ZB81,3,normoxia,50,38,37.7,100,112.5,10,10,NA,Excluded due to absence of induction efficiency success
ZB81,3,hyperoxia,80,38,38,225,250,10,10,NA,Excluded due to absence of induction efficiency success
ZB81,3,normoxia,50,26,25.9,100,100.4,10,10,NA,Excluded due to absence of induction efficiency success
ZB82,2,hypoxia,11.22,38,37.6,25,24.3,2,2,100,NA
ZB82,2,normoxia,50,38,37.7,100,112.5,2,2,100,NA
ZB82,2,hyperoxia,80,38,38,225,250,2,2,100,NA
ZB82,2,normoxia,50,26,25.9,100,100.4,2,2,100,NA
ZB83,2,hypoxia,11.22,38,37.6,25,24.3,2,2,100,NA
ZB83,2,normoxia,50,38,37.7,100,112.5,2,2,100,NA
ZB83,2,hyperoxia,80,38,38,225,250,2,2,100,NA
ZB83,2,normoxia,50,26,25.9,100,100.4,2,2,100,NA
ZB84,3,hypoxia,11.22,38,37.6,25,24.3,4,4,83.3,NA
ZB84,3,normoxia,50,38,37.7,100,112.5,4,4,83.3,NA
ZB84,3,hyperoxia,80,38,38,225,250,4,4,83.3,NA
ZB84,3,normoxia,50,26,25.9,100,100.4,4,4,83.3,NA
ZB85,3,hypoxia,11.22,38,37.6,25,24.3,2,2,75,NA
ZB85,3,normoxia,50,38,37.7,100,112.5,2,2,75,NA
ZB85,3,hyperoxia,80,38,38,225,250,2,2,75,NA
ZB85,3,normoxia,50,26,25.9,100,100.4,2,2,75,NA
ZB86,2,hypoxia,11.22,38,37.6,25,24.3,6,6,100,NA
ZB86,2,normoxia,50,38,37.7,100,112.5,6,6,100,NA
ZB86,2,hyperoxia,80,38,38,225,250,6,6,100,NA
ZB86,2,normoxia,50,26,25.9,100,100.4,6,6,100,NA
ZB87,2,hypoxia,11.15,26,26,25,29.7,5,5,100,NA
ZB87,2,normoxia,50,26,26.3,100,96,5,5,100,NA
ZB87,2,hypoxia,11.15,38,37.6,25,24.1,5,5,100,NA
ZB87,2,normoxia,50,38,37.7,100,105.4,5,5,100,NA
ZB87,2,hypoxia,11.15,26,25.7,25,29,5,5,100,NA
ZB87,2,normoxia,50,26,26.3,100,96,5,5,100,NA
ZB87,2,hypoxia,11.15,38,38,25,26.7,5,5,100,NA
ZB87,2,normoxia,50,38,38.2,100,100,5,5,100,NA
ZB87,2,hypoxia,11.15,26,25.7,25,29,4,4,100,NA
ZB87,2,normoxia,50,26,26.4,100,97.8,5,5,100,NA
ZB87,2,hypoxia,11.15,38,37.8,25,26.7,4,4,100,NA
ZB87,2,normoxia,50,38,38.3,100,100,4,4,100,NA
ZB88,2,hypoxia,11.15,26,26,25,29.7,6,6,100,NA
ZB88,2,normoxia,50,26,26.3,100,96,6,6,100,NA
ZB88,2,hypoxia,11.15,38,37.6,25,24.1,6,6,100,NA
ZB88,2,normoxia,50,38,37.7,100,105.4,6,6,100,NA
ZB88,2,hypoxia,11.15,26,25.7,25,29,6,6,100,NA
ZB88,2,normoxia,50,26,26.3,100,96,6,6,100,NA
ZB88,2,hypoxia,11.15,38,38,25,26.7,6,6,100,NA
ZB88,2,normoxia,50,38,38.2,100,100,6,6,100,NA
ZB88,2,hypoxia,11.15,26,25.7,25,29,6,6,100,NA
ZB88,2,normoxia,50,26,26.4,100,97.8,6,6,100,NA
ZB88,2,hypoxia,11.15,38,37.8,25,26.7,4,4,100,NA
ZB88,2,normoxia,50,38,38.3,100,100,4,4,100,NA
ZB89,2,hypoxia,11.15,26,26,25,29.7,2,2,100,NA
ZB89,2,normoxia,50,26,26.3,100,96,2,2,100,NA
ZB89,2,hypoxia,11.15,38,37.6,25,24.1,2,2,100,NA
ZB89,2,normoxia,50,38,37.7,100,105.4,2,2,100,NA
ZB89,2,hypoxia,11.15,26,25.7,25,29,2,2,100,NA
ZB89,2,normoxia,50,26,26.3,100,96,2,2,100,NA
ZB89,2,hypoxia,11.15,38,38,25,26.7,2,2,100,NA
ZB89,2,normoxia,50,38,38.2,100,100,2,2,100,NA
ZB89,2,hypoxia,11.15,26,25.7,25,29,2,2,100,NA
ZB89,2,normoxia,50,26,26.4,100,97.8,2,2,100,NA
ZB89,2,hypoxia,11.15,38,37.8,25,26.7,3,3,100,NA
ZB89,2,normoxia,50,38,38.3,100,100,3,3,100,NA
ZB90,2,hypoxia,11.15,26,26,25,29.7,4,4,100,NA
ZB90,2,normoxia,50,26,26.3,100,96,4,4,100,NA
ZB90,2,hypoxia,11.15,38,37.6,25,24.1,4,4,100,NA
ZB90,2,normoxia,50,38,37.7,100,105.4,4,4,100,NA
ZB90,2,hypoxia,11.15,26,25.7,25,29,4,4,100,NA
ZB90,2,normoxia,50,26,26.3,100,96,4,4,100,NA
ZB90,2,hypoxia,11.15,38,38,25,26.7,4,4,100,NA
ZB90,2,normoxia,50,38,38.2,100,100,4,4,100,NA
ZB90,2,hypoxia,11.15,26,25.7,25,29,4,4,100,NA
ZB90,2,normoxia,50,26,26.4,100,97.8,4,4,100,NA
ZB90,2,hypoxia,11.15,38,37.8,25,26.7,3,3,100,NA
ZB90,2,normoxia,50,38,38.3,100,100,2,2,100,NA
ZB91,2,hypoxia,11.15,26,26,25,29.7,3,3,100,NA
ZB91,2,normoxia,50,26,26.3,100,96,3,3,100,NA
ZB91,2,hypoxia,11.15,38,37.6,25,24.1,3,3,100,NA
ZB91,2,normoxia,50,38,37.7,100,105.4,3,3,100,NA
ZB91,2,hypoxia,11.15,26,25.7,25,29,3,3,100,NA
ZB91,2,normoxia,50,26,26.3,100,96,2,2,100,NA
ZB91,2,hypoxia,11.15,38,38,25,26.7,2,2,100,NA
ZB91,2,normoxia,50,38,38.2,100,100,2,2,100,NA
ZB91,2,hypoxia,11.15,26,25.7,25,29,2,2,100,NA
ZB91,2,normoxia,50,26,26.4,100,97.8,2,2,100,NA
ZB91,2,hypoxia,11.15,38,37.8,25,26.7,2,2,100,NA
ZB91,2,normoxia,50,38,38.3,100,100,2,2,100,NA
ZB92,2,hypoxia,11.15,26,26,25,29.7,6,6,100,NA
ZB92,2,normoxia,50,26,26.3,100,96,6,6,100,NA
ZB92,2,hypoxia,11.15,38,37.6,25,24.1,5,5,100,NA
ZB92,2,normoxia,50,38,37.7,100,105.4,5,5,100,NA
ZB92,2,hypoxia,11.15,26,25.7,25,29,5,5,100,NA
ZB92,2,normoxia,50,26,26.3,100,96,5,5,100,NA
ZB92,2,hypoxia,11.15,38,38,25,26.7,5,5,100,NA
ZB92,2,normoxia,50,38,38.2,100,100,5,5,100,NA
ZB92,2,hypoxia,11.15,26,25.7,25,29,5,5,100,NA
ZB92,2,normoxia,50,26,26.4,100,97.8,5,5,100,NA
ZB92,2,hypoxia,11.15,38,37.8,25,26.7,5,5,100,NA
ZB92,2,normoxia,50,38,38.3,100,100,5,5,100,NA
ZB93,2,hypoxia,11.15,26,26,25,29.7,3,3,100,NA
ZB93,2,normoxia,50,26,26.3,100,96,3,3,100,NA
ZB93,2,hypoxia,11.15,38,37.6,25,24.1,3,3,100,NA
ZB93,2,normoxia,50,38,37.7,100,105.4,3,3,100,NA
ZB93,2,hypoxia,11.15,26,25.7,25,29,3,3,100,NA
ZB93,2,normoxia,50,26,26.3,100,96,3,3,100,NA
ZB93,2,hypoxia,11.15,38,38,25,26.7,3,3,100,NA
ZB93,2,normoxia,50,38,38.2,100,100,3,3,100,NA
ZB93,2,hypoxia,11.15,26,25.7,25,29,3,3,100,NA
ZB93,2,normoxia,50,26,26.4,100,97.8,3,3,100,NA
ZB93,2,hypoxia,11.15,38,37.8,25,26.7,3,3,100,NA
ZB93,2,normoxia,50,38,38.3,100,100,3,3,100,NA
ZB94,2,hypoxia,11.15,26,26,25,29.7,4,4,100,NA
ZB94,2,normoxia,50,26,26.3,100,96,3,3,100,NA
ZB94,2,hypoxia,11.15,38,37.6,25,24.1,3,3,100,NA
ZB94,2,normoxia,50,38,37.7,100,105.4,4,4,100,NA
ZB94,2,hypoxia,11.15,26,25.7,25,29,4,4,100,NA
ZB94,2,normoxia,50,26,26.3,100,96,4,4,100,NA
ZB94,2,hypoxia,11.15,38,38,25,26.7,4,4,100,NA
ZB94,2,normoxia,50,38,38.2,100,100,4,4,100,NA
ZB94,2,hypoxia,11.15,26,25.7,25,29,4,4,100,NA
ZB94,2,normoxia,50,26,26.4,100,97.8,4,4,100,NA
ZB94,2,hypoxia,11.15,38,37.8,25,26.7,4,4,100,NA
ZB94,2,normoxia,50,38,38.3,100,100,3,3,100,NA
ZB96,2,hypoxia,11.15,26,25.7,25,29,1,1,100,NA
ZB96,2,normoxia,50,26,26.4,100,97.8,2,2,100,NA
ZB96,2,hypoxia,11.15,38,37.8,25,26.7,2,2,100,NA
ZB96,2,normoxia,50,38,38.3,100,100,2,2,100,NA
ZB97,2,hypoxia,25,26,25.7,25,28.3,2,0,100,NA
ZB97,2,normoxia,89,26,26.4,100,90.4,2,2,100,NA
ZB97,2,hypoxia,25,38,37.7,25,29,2,1,100,NA
ZB97,2,normoxia,89,38,37.8,100,90.8,2,2,100,NA
ZB97,2,hypoxia,25,26,25.7,25,15,2,2,100,NA
ZB97,2,normoxia,89,26,26.4,100,93,2,2,100,NA
ZB97,2,hypoxia,25,38,37.7,25,28,2,1,100,NA
ZB97,2,normoxia,89,38,37.8,100,99.1,2,2,100,NA
ZB97,2,hypoxia,25,26,25.7,25,27,2,2,100,NA
ZB97,2,hypoxia,25,38,37.7,25,28.8,2,0,100,NA
ZB98,2,hypoxia,25,26,25.7,25,28.3,5,5,100,NA
ZB98,2,normoxia,89,26,26.4,100,90.4,5,5,100,NA
ZB98,2,hypoxia,25,38,37.7,25,29,5,5,100,NA
ZB98,2,normoxia,89,38,37.8,100,90.8,5,5,100,NA
ZB98,2,hypoxia,25,26,25.7,25,15,5,5,100,NA
ZB98,2,normoxia,89,26,26.4,100,93,5,5,100,NA
ZB98,2,hypoxia,25,38,37.7,25,28,5,4,100,NA
ZB98,2,normoxia,89,38,37.8,100,99.1,5,4,100,NA
ZB98,2,hypoxia,25,26,25.7,25,27,5,5,100,NA
ZB98,2,normoxia,89,26,26.3,100,94.3,7,7,100,NA
ZB98,2,hypoxia,25,38,37.7,25,28.8,5,1,100,NA
ZB98,2,normoxia,89,38,37.6,100,99.9,7,0,100,NA
ZB99,2,hypoxia,25,26,25.7,25,28.3,2,1,100,NA
ZB99,2,normoxia,89,26,26.4,100,90.4,2,2,100,NA
ZB99,2,hypoxia,25,38,37.7,25,29,2,1,100,NA
ZB99,2,normoxia,89,38,37.8,100,90.8,2,2,100,NA
