Date_egg_collection,Date_experiment,Life_stage,Time_start_experiment,Order_sample_transfer,Sample,Temperature_assay,Duration_exposure_hours,N_total,Mortality_day_1_afternoon,Mortality_day_2_morning,Mortality_day_2_afternoon,Hatching_day_2_morning,Hatching_day_2_afternoon,Mortality_day_3_morning,Mortality_day_3_afternoon,Hatching_day_3_morning,Hatching_day_3_afternoon,Mortality_day_4_morning,Mortality_day_4_afternoon,Hatching_day_4_morning,Hatching_day_4_afternoon,Mortality_day_5_morning,Mortality_day_5_afternoon,Hatching_day_5_morning,Hatching_day_5_afternoon,Mortality_day_6_morning,Mortality_day_6_afternoon,Hatching_day_6_morning,Hatching_day_6_afternoon,Mortality_day_7_morning,Mortality_day_7_afternoon,Hatching_day_7_morning,Hatching_day_7_afternoon,Mortality_day_8_morning,Mortality_day_8_afternoon,Hatching_day_8_morning,Hatching_day_8_afternoon,N_malformed,N_unhatched,Exclude,Notes
13/10/2025,14/10/2025,old_embryos,10:08:00,CEDBA,A1,42.2,0.083333333,24,0,0,0,0,12,0,NA,12,NA,NA,0,0,0,NA,NA,NA,NA,NA,NA,NA,NA,NA,NA,NA,NA,NA,NA,NA,NA,0,0,no,
13/10/2025,14/10/2025,old_embryos,10:08:00,CEDBA,A2,40.6,0.5,24,0,0,0,0,1,0,0,19,3,1,0,0,0,NA,NA,NA,NA,NA,NA,NA,NA,NA,NA,NA,NA,NA,NA,NA,NA,0,0,no,
13/10/2025,14/10/2025,old_embryos,10:08:00,CEDBA,A3,39.5,0.5,25,0,0,0,0,5,0,0,20,NA,NA,NA,NA,NA,NA,NA,NA,NA,NA,NA,NA,NA,NA,NA,NA,NA,NA,NA,NA,NA,1,0,no,
13/10/2025,14/10/2025,old_embryos,10:08:00,CEDBA,A4,38.9,0.5,25,0,1,2,0,1,0,0,14,7,NA,NA,NA,NA,NA,NA,NA,NA,NA,NA,NA,NA,NA,NA,NA,NA,NA,NA,NA,NA,0,0,no,
13/10/2025,14/10/2025,old_embryos,10:08:00,CEDBA,A5,38.4,0.5,24,0,0,0,0,4,0,0,17,3,NA,NA,NA,NA,NA,NA,NA,NA,NA,NA,NA,NA,NA,NA,NA,NA,NA,NA,NA,NA,0,0,no,
13/10/2025,14/10/2025,old_embryos,10:08:00,CEDBA,A6,38.5,0.5,25,0,0,0,1,17,0,0,6,1,NA,NA,NA,NA,NA,NA,NA,NA,NA,NA,NA,NA,NA,NA,NA,NA,NA,NA,NA,NA,0,0,no,
13/10/2025,14/10/2025,old_embryos,10:08:00,CEDBA,A7,38.7,0.5,26,0,1,1,1,3,0,0,14,6,NA,NA,NA,NA,NA,NA,NA,NA,NA,NA,NA,NA,NA,NA,NA,NA,NA,NA,NA,NA,0,0,no,
13/10/2025,14/10/2025,old_embryos,10:08:00,CEDBA,A8,39.2,0.5,25,0,2,0,0,10,0,0,11,2,NA,NA,NA,NA,NA,NA,NA,NA,NA,NA,NA,NA,NA,NA,NA,NA,NA,NA,NA,NA,0,0,no,
13/10/2025,14/10/2025,old_embryos,10:08:00,CEDBA,A9,40.3,0.5,25,0,0,0,3,9,0,NA,13,NA,NA,NA,NA,NA,NA,NA,NA,NA,NA,NA,NA,NA,NA,NA,NA,NA,NA,NA,NA,NA,0,0,no,
13/10/2025,14/10/2025,old_embryos,10:08:00,CEDBA,A10,41.1,0.25,26,0,0,0,0,2,1,0,20,3,NA,NA,NA,NA,NA,NA,NA,NA,NA,NA,NA,NA,NA,NA,NA,NA,NA,NA,NA,NA,0,0,no,
13/10/2025,14/10/2025,old_embryos,10:08:00,CEDBA,B1,42.2,0.166666667,25,0,0,0,0,15,0,0,9,1,NA,NA,NA,NA,NA,NA,NA,NA,NA,NA,NA,NA,NA,NA,NA,NA,NA,NA,NA,NA,0,0,no,
13/10/2025,14/10/2025,old_embryos,10:08:00,CEDBA,B2,40.6,1,24,0,0,0,2,9,0,NA,13,NA,NA,NA,NA,NA,NA,NA,NA,NA,NA,NA,NA,NA,NA,NA,NA,NA,NA,NA,NA,NA,3,0,no,
13/10/2025,14/10/2025,old_embryos,10:08:00,CEDBA,B3,39.5,1,25,0,0,0,1,5,0,0,15,4,NA,NA,NA,NA,NA,NA,NA,NA,NA,NA,NA,NA,NA,NA,NA,NA,NA,NA,NA,NA,0,0,no,
13/10/2025,14/10/2025,old_embryos,10:08:00,CEDBA,B4,38.9,1,25,0,0,0,1,3,0,0,15,6,NA,NA,NA,NA,NA,NA,NA,NA,NA,NA,NA,NA,NA,NA,NA,NA,NA,NA,NA,NA,0,0,no,
13/10/2025,14/10/2025,old_embryos,10:08:00,CEDBA,B5,38.4,1,25,0,0,0,0,4,0,0,20,1,NA,NA,NA,NA,NA,NA,NA,NA,NA,NA,NA,NA,NA,NA,NA,NA,NA,NA,NA,NA,0,0,no,
13/10/2025,14/10/2025,old_embryos,10:08:00,CEDBA,B6,38.5,1,25,0,0,0,0,15,0,0,5,5,NA,NA,NA,NA,NA,NA,NA,NA,NA,NA,NA,NA,NA,NA,NA,NA,NA,NA,NA,NA,0,0,no,
13/10/2025,14/10/2025,old_embryos,10:08:00,CEDBA,B7,38.7,1,23,0,0,0,4,12,0,NA,7,NA,NA,NA,NA,NA,NA,NA,NA,NA,NA,NA,NA,NA,NA,NA,NA,NA,NA,NA,NA,NA,0,0,no,
13/10/2025,14/10/2025,old_embryos,10:08:00,CEDBA,B8,39.2,1,25,0,0,0,0,6,0,NA,19,NA,NA,NA,NA,NA,NA,NA,NA,NA,NA,NA,NA,NA,NA,NA,NA,NA,NA,NA,NA,NA,0,0,no,
13/10/2025,14/10/2025,old_embryos,10:08:00,CEDBA,B9,40.3,1,25,0,0,0,1,2,0,0,19,2,0,1,0,0,NA,NA,NA,NA,NA,NA,NA,NA,NA,NA,NA,NA,NA,NA,NA,NA,0,0,no,
13/10/2025,14/10/2025,old_embryos,10:08:00,CEDBA,B10,41.1,0.5,24,0,0,0,0,14,0,NA,10,NA,NA,NA,NA,NA,NA,NA,NA,NA,NA,NA,NA,NA,NA,NA,NA,NA,NA,NA,NA,NA,7,0,no,
13/10/2025,14/10/2025,old_embryos,10:08:00,CEDBA,C1,42.2,1,25,25,NA,NA,NA,NA,NA,NA,NA,NA,NA,NA,NA,NA,NA,NA,NA,NA,NA,NA,NA,NA,NA,NA,NA,NA,NA,NA,NA,NA,0,0,no,
13/10/2025,14/10/2025,old_embryos,10:08:00,CEDBA,C2,40.6,6,23,23,NA,NA,NA,NA,NA,NA,NA,NA,NA,NA,NA,NA,NA,NA,NA,NA,NA,NA,NA,NA,NA,NA,NA,NA,NA,NA,NA,NA,0,0,no,
13/10/2025,14/10/2025,old_embryos,10:08:00,CEDBA,C3,39.5,6,25,0,1,0,0,8,0,0,10,1,1,0,3,0,NA,NA,NA,NA,NA,0,NA,1,NA,NA,NA,NA,NA,NA,NA,NA,17,0,no,
13/10/2025,14/10/2025,old_embryos,10:08:00,CEDBA,C4,38.9,6,25,0,1,0,0,4,0,0,14,5,0,0,0,1,NA,NA,NA,NA,NA,NA,NA,NA,NA,NA,NA,NA,NA,NA,NA,NA,7,0,no,
13/10/2025,14/10/2025,old_embryos,10:08:00,CEDBA,C5,38.4,6,25,0,1,0,1,2,0,0,18,3,NA,NA,NA,NA,NA,NA,NA,NA,NA,NA,NA,NA,NA,NA,NA,NA,NA,NA,NA,NA,0,0,no,
13/10/2025,14/10/2025,old_embryos,10:08:00,CEDBA,C6,38.5,6,25,0,0,0,1,8,0,NA,16,NA,NA,NA,NA,NA,NA,NA,NA,NA,NA,NA,NA,NA,NA,NA,NA,NA,NA,NA,NA,NA,0,0,no,
13/10/2025,14/10/2025,old_embryos,10:08:00,CEDBA,C7,38.7,6,25,0,0,0,1,3,0,0,18,3,NA,NA,NA,NA,NA,NA,NA,NA,NA,NA,NA,NA,NA,NA,NA,NA,NA,NA,NA,NA,2,0,no,
13/10/2025,14/10/2025,old_embryos,10:08:00,CEDBA,C8,39.2,6,26,0,0,0,0,4,0,0,19,2,0,0,0,1,NA,NA,NA,NA,NA,NA,NA,NA,NA,NA,NA,NA,NA,NA,NA,NA,10,0,no,
13/10/2025,14/10/2025,old_embryos,10:08:00,CEDBA,C9,40.3,6,26,0,2,5,0,0,0,0,10,2,0,0,4,3,NA,NA,NA,NA,NA,NA,NA,NA,NA,NA,NA,NA,NA,NA,NA,NA,18,0,no,
13/10/2025,14/10/2025,old_embryos,10:08:00,CEDBA,C10,41.1,4,24,24,NA,NA,NA,NA,NA,NA,NA,NA,NA,NA,NA,NA,NA,NA,NA,NA,NA,NA,NA,NA,NA,NA,NA,NA,NA,NA,NA,NA,0,0,no,
13/10/2025,14/10/2025,old_embryos,10:08:00,CEDBA,D1,42.2,0.25,24,6,7,0,0,0,2,0,6,0,2,NA,1,NA,NA,NA,NA,NA,NA,NA,NA,NA,NA,NA,NA,NA,NA,NA,NA,NA,7,0,no,
13/10/2025,14/10/2025,old_embryos,10:08:00,CEDBA,D2,40.6,2,25,0,0,0,0,2,1,0,18,3,0,0,0,1,NA,NA,NA,NA,NA,NA,NA,NA,NA,NA,NA,NA,NA,NA,NA,NA,9,0,no,
13/10/2025,14/10/2025,old_embryos,10:08:00,CEDBA,D3,39.5,2,25,0,0,0,0,4,0,NA,21,NA,NA,NA,NA,NA,NA,NA,NA,NA,NA,NA,NA,NA,NA,NA,NA,NA,NA,NA,NA,NA,0,0,no,
13/10/2025,14/10/2025,old_embryos,10:08:00,CEDBA,D4,38.9,2,24,0,0,0,0,7,1,0,15,0,0,NA,1,NA,NA,NA,NA,NA,NA,NA,NA,NA,NA,NA,NA,NA,NA,NA,NA,NA,0,0,no,
13/10/2025,14/10/2025,old_embryos,10:08:00,CEDBA,D5,38.4,2,25,0,0,0,0,5,0,0,15,4,0,NA,1,NA,NA,NA,NA,NA,NA,NA,NA,NA,NA,NA,NA,NA,NA,NA,NA,NA,0,0,no,
13/10/2025,14/10/2025,old_embryos,10:08:00,CEDBA,D6,38.5,2,25,0,0,0,0,18,0,0,6,0,0,1,0,0,NA,NA,NA,NA,NA,NA,NA,NA,NA,NA,NA,NA,NA,NA,NA,NA,1,0,no,
13/10/2025,14/10/2025,old_embryos,10:08:00,CEDBA,D7,38.7,2,24,0,0,0,0,2,0,0,13,6,0,0,2,1,NA,NA,NA,NA,NA,NA,NA,NA,NA,NA,NA,NA,NA,NA,NA,NA,0,0,no,
13/10/2025,14/10/2025,old_embryos,10:08:00,CEDBA,D8,39.2,2,25,0,1,0,0,4,0,1,16,2,0,NA,1,NA,NA,NA,NA,NA,NA,NA,NA,NA,NA,NA,NA,NA,NA,NA,NA,NA,2,0,no,
13/10/2025,14/10/2025,old_embryos,10:08:00,CEDBA,D9,40.3,2,25,0,0,0,0,4,0,0,20,1,0,NA,NA,NA,NA,NA,NA,NA,NA,NA,NA,NA,NA,NA,NA,NA,NA,NA,NA,NA,6,0,no,
13/10/2025,14/10/2025,old_embryos,10:08:00,CEDBA,D10,41.1,1,24,4,1,0,0,0,2,0,16,0,0,NA,1,NA,NA,NA,NA,NA,NA,NA,NA,NA,NA,NA,NA,NA,NA,NA,NA,NA,17,0,no,
13/10/2025,14/10/2025,old_embryos,10:08:00,CEDBA,E1,42.2,0.5,25,0,1,1,1,4,1,0,12,4,0,NA,1,NA,NA,NA,NA,NA,NA,NA,NA,NA,NA,NA,NA,NA,NA,NA,NA,NA,18,0,yes,"Beaker was cracked, which affected the realised temperature. This was noted a posteriori, on the 22/10/2025"
13/10/2025,14/10/2025,old_embryos,10:08:00,CEDBA,E2,40.6,4,25,1,2,0,1,0,0,0,7,5,0,1,8,0,NA,NA,NA,NA,NA,NA,NA,NA,NA,NA,NA,NA,NA,NA,NA,NA,17,0,no,
13/10/2025,14/10/2025,old_embryos,10:08:00,CEDBA,E3,39.5,4,25,0,0,0,0,2,0,0,22,0,0,NA,1,NA,NA,NA,NA,NA,NA,NA,NA,NA,NA,NA,NA,NA,NA,NA,NA,NA,2,0,no,
13/10/2025,14/10/2025,old_embryos,10:08:00,CEDBA,E4,38.9,4,23,0,0,1,0,4,0,0,16,2,NA,NA,NA,NA,NA,NA,NA,NA,NA,NA,NA,NA,NA,NA,NA,NA,NA,NA,NA,NA,2,0,no,
13/10/2025,14/10/2025,old_embryos,10:08:00,CEDBA,E5,38.4,4,25,0,0,0,0,4,0,0,19,2,NA,NA,NA,NA,NA,NA,NA,NA,NA,NA,NA,NA,NA,NA,NA,NA,NA,NA,NA,NA,0,0,no,
13/10/2025,14/10/2025,old_embryos,10:08:00,CEDBA,E6,38.5,4,24,0,0,0,0,7,0,0,16,1,NA,NA,NA,NA,NA,NA,NA,NA,NA,NA,NA,NA,NA,NA,NA,NA,NA,NA,NA,NA,1,0,no,
13/10/2025,14/10/2025,old_embryos,10:08:00,CEDBA,E7,38.7,4,24,0,1,0,0,5,0,0,17,0,0,0,0,0,NA,NA,NA,NA,NA,0,NA,1,NA,NA,NA,NA,NA,NA,NA,NA,1,0,no,
13/10/2025,14/10/2025,old_embryos,10:08:00,CEDBA,E8,39.2,4,23,0,0,0,0,1,0,0,15,7,NA,NA,NA,NA,NA,NA,NA,NA,NA,NA,NA,NA,NA,NA,NA,NA,NA,NA,NA,NA,0,0,no,
13/10/2025,14/10/2025,old_embryos,10:08:00,CEDBA,E9,40.3,4,25,0,1,1,0,3,0,1,10,3,0,0,5,1,NA,NA,NA,NA,NA,NA,NA,NA,NA,NA,NA,NA,NA,NA,NA,NA,10,0,no,
13/10/2025,14/10/2025,old_embryos,10:08:00,CEDBA,E10,41.1,2,25,6,1,1,1,0,2,1,12,1,NA,NA,NA,NA,NA,NA,NA,NA,NA,NA,NA,NA,NA,NA,NA,NA,NA,NA,NA,NA,13,0,no,
13/10/2025,14/10/2025,old_embryos,11:00:00,NA,Z1,NA,0,25,0,0,0,0,15,0,0,6,4,NA,NA,NA,NA,NA,NA,NA,NA,NA,NA,NA,NA,NA,NA,NA,NA,NA,NA,NA,NA,0,0,no,
13/10/2025,14/10/2025,old_embryos,11:00:00,NA,Z2,NA,0,25,0,0,1,0,15,0,0,8,1,NA,NA,NA,NA,NA,NA,NA,NA,NA,NA,NA,NA,NA,NA,NA,NA,NA,NA,NA,NA,0,0,no,
13/10/2025,14/10/2025,old_embryos,11:00:00,NA,Z3,NA,0,25,0,0,1,0,18,0,NA,6,NA,NA,NA,NA,NA,NA,NA,NA,NA,NA,NA,NA,NA,NA,NA,NA,NA,NA,NA,NA,NA,0,0,no,
29/09/2025,29/09/2025,young_embryos,10:28:22,CEDBA,A1,42.2,0.083333333,25,15,2,0,0,0,0,0,0,0,0,0,3,4,0,0,0,0,NA,NA,NA,NA,NA,1,NA,0,NA,NA,NA,NA,NA,0,no,
29/09/2025,29/09/2025,young_embryos,10:28:22,CEDBA,A2,40.61,0.5,24,17,0,0,0,0,0,1,0,0,0,1,0,2,0,1,0,0,NA,NA,NA,NA,NA,2,NA,0,NA,NA,NA,NA,NA,0,no,
29/09/2025,29/09/2025,young_embryos,10:28:22,CEDBA,A3,39.51,0.5,24,11,2,0,0,0,0,0,0,3,0,0,3,4,0,1,0,0,NA,NA,NA,NA,NA,NA,NA,NA,NA,NA,NA,NA,NA,0,no,
29/09/2025,29/09/2025,young_embryos,10:28:22,CEDBA,A4,38.92,0.5,25,16,1,0,0,0,0,0,0,2,0,0,2,4,NA,NA,NA,NA,NA,NA,NA,NA,NA,NA,NA,NA,NA,NA,NA,NA,NA,0,no,
29/09/2025,29/09/2025,young_embryos,10:28:22,CEDBA,A5,38.47,0.5,23,7,1,0,0,0,0,0,1,0,0,0,2,6,0,NA,6,NA,NA,NA,NA,NA,NA,NA,NA,NA,NA,NA,NA,NA,NA,0,no,
29/09/2025,29/09/2025,young_embryos,10:28:22,CEDBA,A6,38.49,0.5,25,9,1,0,0,0,0,0,0,1,0,0,7,6,0,NA,1,NA,NA,NA,NA,NA,NA,NA,NA,NA,NA,NA,NA,NA,NA,0,no,
29/09/2025,29/09/2025,young_embryos,10:28:22,CEDBA,A7,38.7,0.5,25,12,0,0,0,0,0,0,0,4,0,0,2,6,0,NA,1,NA,NA,NA,NA,NA,NA,NA,NA,NA,NA,NA,NA,NA,NA,0,no,
29/09/2025,29/09/2025,young_embryos,10:28:22,CEDBA,A8,39.34,0.5,24,7,3,0,0,0,0,0,0,0,0,1,7,6,NA,NA,NA,NA,NA,NA,NA,NA,NA,NA,NA,NA,NA,NA,NA,NA,NA,0,no,
29/09/2025,29/09/2025,young_embryos,10:28:22,CEDBA,A9,40.12,0.5,24,18,0,0,0,0,0,0,1,0,0,0,3,0,0,0,1,1,NA,NA,NA,NA,NA,NA,NA,NA,NA,NA,NA,NA,NA,0,no,
29/09/2025,29/09/2025,young_embryos,10:28:22,CEDBA,A10,40.96,0.25,25,16,2,0,0,0,0,0,0,0,0,1,3,2,0,NA,1,NA,NA,NA,NA,NA,NA,NA,NA,NA,NA,NA,NA,NA,NA,0,no,
29/09/2025,29/09/2025,young_embryos,10:28:22,CEDBA,B1,42.2,0.166666667,24,14,0,0,0,0,0,0,0,0,1,2,1,2,1,2,0,0,NA,NA,NA,NA,NA,1,NA,0,NA,NA,NA,NA,NA,0,no,
29/09/2025,29/09/2025,young_embryos,10:28:22,CEDBA,B2,40.61,1,25,12,2,3,0,0,1,0,0,0,3,0,0,0,0,0,0,0,NA,NA,NA,NA,NA,4,NA,0,NA,NA,NA,NA,NA,0,no,
29/09/2025,29/09/2025,young_embryos,10:28:22,CEDBA,B3,39.51,1,24,5,0,0,0,0,0,0,0,2,0,0,9,5,0,0,0,1,NA,NA,NA,NA,NA,2,NA,0,NA,NA,NA,NA,NA,0,no,
29/09/2025,29/09/2025,young_embryos,10:28:22,CEDBA,B4,38.92,1,26,2,1,0,0,0,1,0,0,4,0,0,15,3,NA,NA,NA,NA,NA,NA,NA,NA,NA,NA,NA,NA,NA,NA,NA,NA,NA,0,no,
29/09/2025,29/09/2025,young_embryos,10:28:22,CEDBA,B5,38.47,1,25,6,3,0,0,0,0,0,0,0,0,0,3,9,1,0,2,0,NA,NA,NA,NA,NA,1,NA,0,NA,NA,NA,NA,NA,0,no,
29/09/2025,29/09/2025,young_embryos,10:28:22,CEDBA,B6,38.49,1,25,9,0,0,0,0,1,0,2,2,0,0,5,4,1,1,0,0,NA,NA,NA,NA,NA,NA,NA,NA,NA,NA,NA,NA,NA,0,no,
29/09/2025,29/09/2025,young_embryos,10:28:22,CEDBA,B7,38.7,1,25,4,1,0,0,0,0,0,0,6,0,0,10,4,NA,NA,NA,NA,NA,NA,NA,NA,NA,NA,NA,NA,NA,NA,NA,NA,NA,0,no,
29/09/2025,29/09/2025,young_embryos,10:28:22,CEDBA,B8,39.34,1,25,3,0,0,0,0,0,1,0,9,0,0,6,6,NA,NA,NA,NA,NA,NA,NA,NA,NA,NA,NA,NA,NA,NA,NA,NA,NA,0,no,
29/09/2025,29/09/2025,young_embryos,10:28:22,CEDBA,B9,40.12,1,25,11,0,1,0,0,1,1,0,0,2,0,1,0,0,0,0,0,NA,NA,NA,NA,NA,8,NA,0,NA,NA,NA,NA,NA,0,no,
29/09/2025,29/09/2025,young_embryos,10:28:22,CEDBA,B10,40.96,0.5,24,10,1,0,0,0,2,0,0,0,2,2,0,0,0,0,0,1,NA,NA,NA,NA,NA,6,NA,0,NA,NA,NA,NA,NA,0,no,
29/09/2025,29/09/2025,young_embryos,10:28:22,CEDBA,C1,42.2,1,25,25,NA,NA,NA,NA,NA,NA,NA,NA,NA,NA,NA,NA,NA,NA,NA,NA,NA,NA,NA,NA,NA,NA,NA,NA,NA,NA,NA,NA,NA,0,no,
29/09/2025,29/09/2025,young_embryos,10:28:22,CEDBA,C2,40.61,6,25,25,NA,NA,NA,NA,NA,NA,NA,NA,NA,NA,NA,NA,NA,NA,NA,NA,NA,NA,NA,NA,NA,NA,NA,NA,NA,NA,NA,NA,NA,0,no,
29/09/2025,29/09/2025,young_embryos,10:28:22,CEDBA,C3,39.51,6,25,24,1,NA,0,0,NA,NA,NA,NA,NA,NA,NA,NA,NA,NA,NA,NA,NA,NA,NA,NA,NA,NA,NA,NA,NA,NA,NA,NA,NA,0,no,
29/09/2025,29/09/2025,young_embryos,10:28:22,CEDBA,C4,38.92,6,25,23,1,0,0,0,0,0,0,0,1,NA,NA,NA,NA,NA,NA,NA,NA,NA,NA,NA,NA,NA,NA,NA,NA,NA,NA,NA,NA,0,no,
29/09/2025,29/09/2025,young_embryos,10:28:22,CEDBA,C5,38.47,6,25,18,1,0,0,0,0,1,0,0,1,0,2,0,0,0,0,1,NA,NA,NA,NA,NA,1,NA,0,NA,NA,NA,NA,NA,0,no,
29/09/2025,29/09/2025,young_embryos,10:28:22,CEDBA,C6,38.49,6,25,17,1,0,0,0,0,1,0,0,2,0,0,2,0,0,0,0,NA,NA,NA,NA,NA,1,NA,1,NA,NA,NA,NA,NA,0,no,
29/09/2025,29/09/2025,young_embryos,10:28:22,CEDBA,C7,38.7,6,27,15,1,0,0,0,0,0,0,2,0,0,3,2,0,0,0,0,NA,NA,NA,NA,NA,3,NA,1,NA,NA,NA,NA,NA,0,no,
29/09/2025,29/09/2025,young_embryos,10:28:22,CEDBA,C8,39.34,6,25,25,NA,NA,NA,NA,NA,NA,NA,NA,NA,NA,NA,NA,NA,NA,NA,NA,NA,NA,NA,NA,NA,NA,NA,NA,NA,NA,NA,NA,NA,0,no,
29/09/2025,29/09/2025,young_embryos,10:28:22,CEDBA,C9,40.12,6,25,25,NA,NA,NA,NA,NA,NA,NA,NA,NA,NA,NA,NA,NA,NA,NA,NA,NA,NA,NA,NA,NA,NA,NA,NA,NA,NA,NA,NA,NA,0,no,
29/09/2025,29/09/2025,young_embryos,10:28:22,CEDBA,C10,40.96,4,25,25,NA,NA,NA,NA,NA,NA,NA,NA,NA,NA,NA,NA,NA,NA,NA,NA,NA,NA,NA,NA,NA,NA,NA,NA,NA,NA,NA,NA,NA,0,no,
29/09/2025,29/09/2025,young_embryos,10:28:22,CEDBA,D1,42.2,0.25,25,22,2,0,0,0,1,NA,NA,NA,NA,NA,NA,NA,NA,NA,NA,NA,NA,NA,NA,NA,NA,NA,NA,NA,NA,NA,NA,NA,NA,0,no,
29/09/2025,29/09/2025,young_embryos,10:28:22,CEDBA,D2,40.61,2,25,25,NA,NA,NA,NA,NA,NA,NA,NA,NA,NA,NA,NA,NA,NA,NA,NA,NA,NA,NA,NA,NA,NA,NA,NA,NA,NA,NA,NA,NA,0,no,
29/09/2025,29/09/2025,young_embryos,10:28:22,CEDBA,D3,39.51,2,25,21,1,0,0,0,0,0,0,0,2,0,0,0,0,0,0,0,NA,NA,NA,NA,NA,1,NA,0,NA,NA,NA,NA,NA,0,no,
29/09/2025,29/09/2025,young_embryos,10:28:22,CEDBA,D4,38.92,2,25,8,0,0,0,0,0,0,0,0,3,0,4,6,0,0,2,0,NA,NA,NA,NA,NA,2,NA,0,NA,NA,NA,NA,NA,0,no,
29/09/2025,29/09/2025,young_embryos,10:28:22,CEDBA,D5,38.47,2,25,5,6,1,0,0,0,1,1,0,0,1,0,8,0,0,1,1,NA,NA,NA,NA,NA,NA,NA,NA,NA,NA,NA,NA,NA,0,no,
29/09/2025,29/09/2025,young_embryos,10:28:22,CEDBA,D6,38.49,2,25,3,1,0,0,0,1,0,0,0,0,0,3,11,0,2,1,1,NA,NA,NA,NA,NA,2,NA,0,NA,NA,NA,NA,NA,0,no,
29/09/2025,29/09/2025,young_embryos,10:28:22,CEDBA,D7,38.7,2,25,4,0,0,0,0,0,0,0,2,0,0,10,6,0,0,1,1,NA,NA,NA,NA,NA,1,NA,0,NA,NA,NA,NA,NA,0,no,
29/09/2025,29/09/2025,young_embryos,10:28:22,CEDBA,D8,39.34,2,21,6,3,0,0,0,0,0,0,0,0,0,0,3,2,0,0,2,NA,NA,NA,NA,NA,5,NA,0,NA,NA,NA,NA,NA,0,no,
29/09/2025,29/09/2025,young_embryos,10:28:22,CEDBA,D9,40.12,2,25,13,4,0,0,0,0,2,0,0,6,NA,NA,NA,NA,NA,NA,NA,NA,NA,NA,NA,NA,NA,NA,NA,NA,NA,NA,NA,NA,0,no,
29/09/2025,29/09/2025,young_embryos,10:28:22,CEDBA,D10,40.96,1,25,13,4,0,0,0,4,1,0,0,0,1,0,0,2,NA,NA,NA,NA,NA,NA,NA,NA,NA,NA,NA,NA,NA,NA,NA,NA,0,no,
29/09/2025,29/09/2025,young_embryos,10:28:22,CEDBA,E1,42.2,0.5,25,25,NA,NA,NA,NA,NA,NA,NA,NA,NA,NA,NA,NA,NA,NA,NA,NA,NA,NA,NA,NA,NA,NA,NA,NA,NA,NA,NA,NA,NA,0,yes,"Beaker was cracked, which affected the realised temperature. This was noted a posteriori, on the 22/10/2025"
29/09/2025,29/09/2025,young_embryos,10:28:22,CEDBA,E2,40.61,4,25,25,NA,NA,NA,NA,NA,NA,NA,NA,NA,NA,NA,NA,NA,NA,NA,NA,NA,NA,NA,NA,NA,NA,NA,NA,NA,NA,NA,NA,NA,0,no,
29/09/2025,29/09/2025,young_embryos,10:28:22,CEDBA,E3,39.51,4,25,24,0,0,0,0,0,0,0,0,1,NA,NA,NA,NA,NA,NA,NA,NA,NA,NA,NA,NA,NA,NA,NA,NA,NA,NA,NA,NA,0,no,
29/09/2025,29/09/2025,young_embryos,10:28:22,CEDBA,E4,38.92,4,25,11,5,0,0,0,0,0,0,1,1,1,1,1,1,1,1,0,NA,NA,NA,NA,NA,1,NA,0,NA,NA,NA,NA,NA,0,no,
29/09/2025,29/09/2025,young_embryos,10:28:22,CEDBA,E5,38.47,4,25,9,0,0,0,0,0,2,1,0,0,0,7,5,0,1,0,0,NA,NA,NA,NA,NA,NA,NA,NA,NA,NA,NA,NA,NA,0,no,
29/09/2025,29/09/2025,young_embryos,10:28:22,CEDBA,E6,38.49,4,25,9,1,0,0,0,1,1,0,0,0,0,5,6,0,2,0,0,NA,NA,NA,NA,NA,NA,NA,NA,NA,NA,NA,NA,5,0,no,
29/09/2025,29/09/2025,young_embryos,10:28:22,CEDBA,E7,38.7,4,25,13,0,0,0,0,0,0,0,0,1,0,3,4,0,0,1,0,NA,NA,NA,NA,NA,1,NA,2,NA,NA,NA,NA,2,0,no,
29/09/2025,29/09/2025,young_embryos,10:28:22,CEDBA,E8,39.34,4,24,14,3,0,0,0,0,0,0,0,0,0,0,1,3,2,0,0,NA,NA,NA,NA,NA,0,NA,1,NA,NA,NA,NA,NA,0,no,
29/09/2025,29/09/2025,young_embryos,10:28:22,CEDBA,E9,40.12,4,25,25,NA,NA,NA,NA,NA,NA,NA,NA,NA,NA,NA,NA,NA,NA,NA,NA,NA,NA,NA,NA,NA,NA,NA,NA,NA,NA,NA,NA,NA,0,no,
29/09/2025,29/09/2025,young_embryos,10:28:22,CEDBA,E10,40.96,2,25,25,NA,NA,NA,NA,NA,NA,NA,NA,NA,NA,NA,NA,NA,NA,NA,NA,NA,NA,NA,NA,NA,NA,NA,NA,NA,NA,NA,NA,NA,0,no,
16/10/2025,20/10/2025,larvae,10:56:15,CEDBA,A1,42.2,0.083333333,10,0,0,0,NA,NA,NA,NA,NA,NA,NA,NA,NA,NA,NA,NA,NA,NA,NA,NA,NA,NA,NA,NA,NA,NA,NA,NA,NA,NA,NA,0,no,
16/10/2025,20/10/2025,larvae,10:56:15,CEDBA,A2,40.6,0.5,10,1,2,0,NA,NA,NA,NA,NA,NA,NA,NA,NA,NA,NA,NA,NA,NA,NA,NA,NA,NA,NA,NA,NA,NA,NA,NA,NA,NA,NA,0,no,
16/10/2025,20/10/2025,larvae,10:56:15,CEDBA,A3,39.5,0.5,10,0,0,0,NA,NA,NA,NA,NA,NA,NA,NA,NA,NA,NA,NA,NA,NA,NA,NA,NA,NA,NA,NA,NA,NA,NA,NA,NA,NA,NA,0,no,
16/10/2025,20/10/2025,larvae,10:56:15,CEDBA,A4,38.8,0.5,10,1,0,0,NA,NA,NA,NA,NA,NA,NA,NA,NA,NA,NA,NA,NA,NA,NA,NA,NA,NA,NA,NA,NA,NA,NA,NA,NA,NA,NA,0,no,
16/10/2025,20/10/2025,larvae,10:56:15,CEDBA,A5,38.4,0.5,10,0,0,0,NA,NA,NA,NA,NA,NA,NA,NA,NA,NA,NA,NA,NA,NA,NA,NA,NA,NA,NA,NA,NA,NA,NA,NA,NA,NA,NA,0,no,
16/10/2025,20/10/2025,larvae,10:56:15,CEDBA,A6,38.4,0.5,10,0,0,0,NA,NA,NA,NA,NA,NA,NA,NA,NA,NA,NA,NA,NA,NA,NA,NA,NA,NA,NA,NA,NA,NA,NA,NA,NA,NA,NA,0,no,
16/10/2025,20/10/2025,larvae,10:56:15,CEDBA,A7,38.7,0.5,10,0,0,0,NA,NA,NA,NA,NA,NA,NA,NA,NA,NA,NA,NA,NA,NA,NA,NA,NA,NA,NA,NA,NA,NA,NA,NA,NA,NA,NA,0,no,
16/10/2025,20/10/2025,larvae,10:56:15,CEDBA,A8,39.3,0.5,10,0,0,0,NA,NA,NA,NA,NA,NA,NA,NA,NA,NA,NA,NA,NA,NA,NA,NA,NA,NA,NA,NA,NA,NA,NA,NA,NA,NA,NA,0,no,
16/10/2025,20/10/2025,larvae,10:56:15,CEDBA,A9,40.2,0.5,10,1,0,0,NA,NA,NA,NA,NA,NA,NA,NA,NA,NA,NA,NA,NA,NA,NA,NA,NA,NA,NA,NA,NA,NA,NA,NA,NA,NA,NA,0,no,
16/10/2025,20/10/2025,larvae,10:56:15,CEDBA,A10,40.9,0.25,10,4,1,0,NA,NA,NA,NA,NA,NA,NA,NA,NA,NA,NA,NA,NA,NA,NA,NA,NA,NA,NA,NA,NA,NA,NA,NA,NA,NA,NA,0,no,
16/10/2025,20/10/2025,larvae,10:56:15,CEDBA,B1,42.2,0.166666667,10,10,NA,NA,NA,NA,NA,NA,NA,NA,NA,NA,NA,NA,NA,NA,NA,NA,NA,NA,NA,NA,NA,NA,NA,NA,NA,NA,NA,NA,NA,0,no,
16/10/2025,20/10/2025,larvae,10:56:15,CEDBA,B2,40.6,1,10,10,NA,NA,NA,NA,NA,NA,NA,NA,NA,NA,NA,NA,NA,NA,NA,NA,NA,NA,NA,NA,NA,NA,NA,NA,NA,NA,NA,NA,NA,0,no,
16/10/2025,20/10/2025,larvae,10:56:15,CEDBA,B3,39.5,1,10,2,2,0,NA,NA,NA,NA,NA,NA,NA,NA,NA,NA,NA,NA,NA,NA,NA,NA,NA,NA,NA,NA,NA,NA,NA,NA,NA,NA,NA,0,no,
16/10/2025,20/10/2025,larvae,10:56:15,CEDBA,B4,38.8,1,10,0,0,0,NA,NA,NA,NA,NA,NA,NA,NA,NA,NA,NA,NA,NA,NA,NA,NA,NA,NA,NA,NA,NA,NA,NA,NA,NA,NA,NA,0,no,
16/10/2025,20/10/2025,larvae,10:56:15,CEDBA,B5,38.4,1,10,0,0,0,NA,NA,NA,NA,NA,NA,NA,NA,NA,NA,NA,NA,NA,NA,NA,NA,NA,NA,NA,NA,NA,NA,NA,NA,NA,NA,NA,0,no,
16/10/2025,20/10/2025,larvae,10:56:15,CEDBA,B6,38.4,1,10,0,0,0,NA,NA,NA,NA,NA,NA,NA,NA,NA,NA,NA,NA,NA,NA,NA,NA,NA,NA,NA,NA,NA,NA,NA,NA,NA,NA,NA,0,no,
16/10/2025,20/10/2025,larvae,10:56:15,CEDBA,B7,38.7,1,10,1,0,0,NA,NA,NA,NA,NA,NA,NA,NA,NA,NA,NA,NA,NA,NA,NA,NA,NA,NA,NA,NA,NA,NA,NA,NA,NA,NA,NA,0,no,
16/10/2025,20/10/2025,larvae,10:56:15,CEDBA,B8,39.3,1,10,0,0,0,NA,NA,NA,NA,NA,NA,NA,NA,NA,NA,NA,NA,NA,NA,NA,NA,NA,NA,NA,NA,NA,NA,NA,NA,NA,NA,NA,0,no,
16/10/2025,20/10/2025,larvae,10:56:15,CEDBA,B9,40.2,1,10,7,2,1,NA,NA,NA,NA,NA,NA,NA,NA,NA,NA,NA,NA,NA,NA,NA,NA,NA,NA,NA,NA,NA,NA,NA,NA,NA,NA,NA,0,no,
16/10/2025,20/10/2025,larvae,10:56:15,CEDBA,B10,40.9,0.5,10,10,NA,NA,NA,NA,NA,NA,NA,NA,NA,NA,NA,NA,NA,NA,NA,NA,NA,NA,NA,NA,NA,NA,NA,NA,NA,NA,NA,NA,NA,0,no,
16/10/2025,20/10/2025,larvae,10:56:15,CEDBA,C1,42.2,1,10,10,NA,NA,NA,NA,NA,NA,NA,NA,NA,NA,NA,NA,NA,NA,NA,NA,NA,NA,NA,NA,NA,NA,NA,NA,NA,NA,NA,NA,NA,0,no,
16/10/2025,20/10/2025,larvae,10:56:15,CEDBA,C2,40.6,6,10,10,NA,NA,NA,NA,NA,NA,NA,NA,NA,NA,NA,NA,NA,NA,NA,NA,NA,NA,NA,NA,NA,NA,NA,NA,NA,NA,NA,NA,NA,0,no,
16/10/2025,20/10/2025,larvae,10:56:15,CEDBA,C3,39.5,6,10,10,NA,NA,NA,NA,NA,NA,NA,NA,NA,NA,NA,NA,NA,NA,NA,NA,NA,NA,NA,NA,NA,NA,NA,NA,NA,NA,NA,NA,NA,0,no,
16/10/2025,20/10/2025,larvae,10:56:15,CEDBA,C4,38.8,6,10,10,NA,NA,NA,NA,NA,NA,NA,NA,NA,NA,NA,NA,NA,NA,NA,NA,NA,NA,NA,NA,NA,NA,NA,NA,NA,NA,NA,NA,NA,0,no,
16/10/2025,20/10/2025,larvae,10:56:15,CEDBA,C5,38.4,6,10,6,0,0,NA,NA,NA,NA,NA,NA,NA,NA,NA,NA,NA,NA,NA,NA,NA,NA,NA,NA,NA,NA,NA,NA,NA,NA,NA,NA,NA,0,no,
16/10/2025,20/10/2025,larvae,10:56:15,CEDBA,C6,38.4,6,10,5,1,0,NA,NA,NA,NA,NA,NA,NA,NA,NA,NA,NA,NA,NA,NA,NA,NA,NA,NA,NA,NA,NA,NA,NA,NA,NA,NA,NA,0,no,
16/10/2025,20/10/2025,larvae,10:56:15,CEDBA,C7,38.7,6,10,6,1,0,NA,NA,NA,NA,NA,NA,NA,NA,NA,NA,NA,NA,NA,NA,NA,NA,NA,NA,NA,NA,NA,NA,NA,NA,NA,NA,NA,0,no,
16/10/2025,20/10/2025,larvae,10:56:15,CEDBA,C8,39.3,6,10,10,NA,NA,NA,NA,NA,NA,NA,NA,NA,NA,NA,NA,NA,NA,NA,NA,NA,NA,NA,NA,NA,NA,NA,NA,NA,NA,NA,NA,NA,0,no,
16/10/2025,20/10/2025,larvae,10:56:15,CEDBA,C9,40.2,6,10,10,NA,NA,NA,NA,NA,NA,NA,NA,NA,NA,NA,NA,NA,NA,NA,NA,NA,NA,NA,NA,NA,NA,NA,NA,NA,NA,NA,NA,NA,0,no,
16/10/2025,20/10/2025,larvae,10:56:15,CEDBA,C10,40.9,4,10,10,NA,NA,NA,NA,NA,NA,NA,NA,NA,NA,NA,NA,NA,NA,NA,NA,NA,NA,NA,NA,NA,NA,NA,NA,NA,NA,NA,NA,NA,0,no,
16/10/2025,20/10/2025,larvae,10:56:15,CEDBA,D1,42.2,0.25,10,10,NA,NA,NA,NA,NA,NA,NA,NA,NA,NA,NA,NA,NA,NA,NA,NA,NA,NA,NA,NA,NA,NA,NA,NA,NA,NA,NA,NA,NA,0,no,
16/10/2025,20/10/2025,larvae,10:56:15,CEDBA,D2,40.6,2,10,10,NA,NA,NA,NA,NA,NA,NA,NA,NA,NA,NA,NA,NA,NA,NA,NA,NA,NA,NA,NA,NA,NA,NA,NA,NA,NA,NA,NA,NA,0,no,
16/10/2025,20/10/2025,larvae,10:56:15,CEDBA,D3,39.5,2,10,10,NA,NA,NA,NA,NA,NA,NA,NA,NA,NA,NA,NA,NA,NA,NA,NA,NA,NA,NA,NA,NA,NA,NA,NA,NA,NA,NA,NA,NA,0,no,
16/10/2025,20/10/2025,larvae,10:56:15,CEDBA,D4,38.8,2,9,6,1,0,NA,NA,NA,NA,NA,NA,NA,NA,NA,NA,NA,NA,NA,NA,NA,NA,NA,NA,NA,NA,NA,NA,NA,NA,NA,NA,NA,0,no,
16/10/2025,20/10/2025,larvae,10:56:15,CEDBA,D5,38.4,2,10,1,2,0,NA,NA,NA,NA,NA,NA,NA,NA,NA,NA,NA,NA,NA,NA,NA,NA,NA,NA,NA,NA,NA,NA,NA,NA,NA,NA,NA,0,no,
16/10/2025,20/10/2025,larvae,10:56:15,CEDBA,D6,38.4,2,10,0,0,0,NA,NA,NA,NA,NA,NA,NA,NA,NA,NA,NA,NA,NA,NA,NA,NA,NA,NA,NA,NA,NA,NA,NA,NA,NA,NA,NA,0,no,
16/10/2025,20/10/2025,larvae,10:56:15,CEDBA,D7,38.7,2,10,0,1,0,NA,NA,NA,NA,NA,NA,NA,NA,NA,NA,NA,NA,NA,NA,NA,NA,NA,NA,NA,NA,NA,NA,NA,NA,NA,NA,NA,0,no,
16/10/2025,20/10/2025,larvae,10:56:15,CEDBA,D8,39.3,2,10,10,NA,NA,NA,NA,NA,NA,NA,NA,NA,NA,NA,NA,NA,NA,NA,NA,NA,NA,NA,NA,NA,NA,NA,NA,NA,NA,NA,NA,NA,0,no,
16/10/2025,20/10/2025,larvae,10:56:15,CEDBA,D9,40.2,2,10,10,NA,NA,NA,NA,NA,NA,NA,NA,NA,NA,NA,NA,NA,NA,NA,NA,NA,NA,NA,NA,NA,NA,NA,NA,NA,NA,NA,NA,NA,0,no,
16/10/2025,20/10/2025,larvae,10:56:15,CEDBA,D10,40.9,1,10,10,NA,NA,NA,NA,NA,NA,NA,NA,NA,NA,NA,NA,NA,NA,NA,NA,NA,NA,NA,NA,NA,NA,NA,NA,NA,NA,NA,NA,NA,0,no,
16/10/2025,20/10/2025,larvae,10:56:15,CEDBA,E1,42.2,0.5,10,10,NA,NA,NA,NA,NA,NA,NA,NA,NA,NA,NA,NA,NA,NA,NA,NA,NA,NA,NA,NA,NA,NA,NA,NA,NA,NA,NA,NA,NA,0,yes,"Beaker was cracked, which affected the realised temperature. This was noted a posteriori, on the 22/10/2025"
16/10/2025,20/10/2025,larvae,10:56:15,CEDBA,E2,40.6,4,10,10,NA,NA,NA,NA,NA,NA,NA,NA,NA,NA,NA,NA,NA,NA,NA,NA,NA,NA,NA,NA,NA,NA,NA,NA,NA,NA,NA,NA,NA,0,no,
16/10/2025,20/10/2025,larvae,10:56:15,CEDBA,E3,39.5,4,10,10,NA,NA,NA,NA,NA,NA,NA,NA,NA,NA,NA,NA,NA,NA,NA,NA,NA,NA,NA,NA,NA,NA,NA,NA,NA,NA,NA,NA,NA,0,no,
16/10/2025,20/10/2025,larvae,10:56:15,CEDBA,E4,38.8,4,10,3,1,0,NA,NA,NA,NA,NA,NA,NA,NA,NA,NA,NA,NA,NA,NA,NA,NA,NA,NA,NA,NA,NA,NA,NA,NA,NA,NA,NA,0,no,
16/10/2025,20/10/2025,larvae,10:56:15,CEDBA,E5,38.4,4,10,2,0,0,NA,NA,NA,NA,NA,NA,NA,NA,NA,NA,NA,NA,NA,NA,NA,NA,NA,NA,NA,NA,NA,NA,NA,NA,NA,NA,NA,0,no,
16/10/2025,20/10/2025,larvae,10:56:15,CEDBA,E6,38.4,4,10,2,0,0,NA,NA,NA,NA,NA,NA,NA,NA,NA,NA,NA,NA,NA,NA,NA,NA,NA,NA,NA,NA,NA,NA,NA,NA,NA,NA,NA,0,no,
16/10/2025,20/10/2025,larvae,10:56:15,CEDBA,E7,38.7,4,10,6,0,0,NA,NA,NA,NA,NA,NA,NA,NA,NA,NA,NA,NA,NA,NA,NA,NA,NA,NA,NA,NA,NA,NA,NA,NA,NA,NA,NA,0,no,
16/10/2025,20/10/2025,larvae,10:56:15,CEDBA,E8,39.3,4,10,9,1,NA,NA,NA,NA,NA,NA,NA,NA,NA,NA,NA,NA,NA,NA,NA,NA,NA,NA,NA,NA,NA,NA,NA,NA,NA,NA,NA,NA,0,no,
16/10/2025,20/10/2025,larvae,10:56:15,CEDBA,E9,40.2,4,10,10,NA,NA,NA,NA,NA,NA,NA,NA,NA,NA,NA,NA,NA,NA,NA,NA,NA,NA,NA,NA,NA,NA,NA,NA,NA,NA,NA,NA,NA,0,no,
16/10/2025,20/10/2025,larvae,10:56:15,CEDBA,E10,40.9,2,10,10,NA,NA,NA,NA,NA,NA,NA,NA,NA,NA,NA,NA,NA,NA,NA,NA,NA,NA,NA,NA,NA,NA,NA,NA,NA,NA,NA,NA,NA,0,no,
16/10/2025,20/10/2025,larvae,10:56:15,CEDBA,Z1,NA,0,10,0,0,0,NA,NA,NA,NA,NA,NA,NA,NA,NA,NA,NA,NA,NA,NA,NA,NA,NA,NA,NA,NA,NA,NA,NA,NA,NA,NA,NA,0,no,
16/10/2025,20/10/2025,larvae,10:56:15,CEDBA,Z2,NA,0,10,0,0,0,NA,NA,NA,NA,NA,NA,NA,NA,NA,NA,NA,NA,NA,NA,NA,NA,NA,NA,NA,NA,NA,NA,NA,NA,NA,NA,NA,0,no,
16/10/2025,20/10/2025,larvae,10:56:15,CEDBA,Z3,NA,0,10,0,0,0,NA,NA,NA,NA,NA,NA,NA,NA,NA,NA,NA,NA,NA,NA,NA,NA,NA,NA,NA,NA,NA,NA,NA,NA,NA,NA,NA,0,no,
18/10/2025,22/10/2025,larvae,10:33:30,CABDE,A1,42.3,0.5,10,10,NA,NA,NA,NA,NA,NA,NA,NA,NA,NA,NA,NA,NA,NA,NA,NA,NA,NA,NA,NA,NA,NA,NA,NA,NA,NA,NA,NA,NA,0,no,
18/10/2025,22/10/2025,larvae,10:33:30,CABDE,A2,40.7,4,10,9,1,NA,NA,NA,NA,NA,NA,NA,NA,NA,NA,NA,NA,NA,NA,NA,NA,NA,NA,NA,NA,NA,NA,NA,NA,NA,NA,NA,NA,0,no,
18/10/2025,22/10/2025,larvae,10:33:30,CABDE,A3,39.6,4,10,10,NA,NA,NA,NA,NA,NA,NA,NA,NA,NA,NA,NA,NA,NA,NA,NA,NA,NA,NA,NA,NA,NA,NA,NA,NA,NA,NA,NA,NA,0,no,
18/10/2025,22/10/2025,larvae,10:33:30,CABDE,A4,39,4,10,9,0,0,NA,NA,0,0,NA,NA,NA,NA,NA,NA,NA,NA,NA,NA,NA,NA,NA,NA,NA,NA,NA,NA,NA,NA,NA,NA,NA,0,no,
18/10/2025,22/10/2025,larvae,10:33:30,CABDE,A5,38.5,4,10,6,1,0,NA,NA,0,0,NA,NA,NA,NA,NA,NA,NA,NA,NA,NA,NA,NA,NA,NA,NA,NA,NA,NA,NA,NA,NA,NA,NA,0,no,
18/10/2025,22/10/2025,larvae,10:33:30,CABDE,A6,38.6,4,10,0,0,0,NA,NA,0,0,NA,NA,NA,NA,NA,NA,NA,NA,NA,NA,NA,NA,NA,NA,NA,NA,NA,NA,NA,NA,NA,NA,NA,0,no,
18/10/2025,22/10/2025,larvae,10:33:30,CABDE,A7,38.7,4,10,10,NA,NA,NA,NA,NA,NA,NA,NA,NA,NA,NA,NA,NA,NA,NA,NA,NA,NA,NA,NA,NA,NA,NA,NA,NA,NA,NA,NA,NA,0,no,
18/10/2025,22/10/2025,larvae,10:33:30,CABDE,A8,39.3,4,10,10,NA,NA,NA,NA,NA,NA,NA,NA,NA,NA,NA,NA,NA,NA,NA,NA,NA,NA,NA,NA,NA,NA,NA,NA,NA,NA,NA,NA,NA,0,no,
18/10/2025,22/10/2025,larvae,10:33:30,CABDE,A9,40.3,4,10,10,NA,NA,NA,NA,NA,NA,NA,NA,NA,NA,NA,NA,NA,NA,NA,NA,NA,NA,NA,NA,NA,NA,NA,NA,NA,NA,NA,NA,NA,0,no,
18/10/2025,22/10/2025,larvae,10:33:30,CABDE,A10,41,2,10,10,NA,NA,NA,NA,NA,NA,NA,NA,NA,NA,NA,NA,NA,NA,NA,NA,NA,NA,NA,NA,NA,NA,NA,NA,NA,NA,NA,NA,NA,0,no,
18/10/2025,22/10/2025,larvae,10:33:30,CABDE,B1,42.3,0.25,10,10,NA,NA,NA,NA,NA,NA,NA,NA,NA,NA,NA,NA,NA,NA,NA,NA,NA,NA,NA,NA,NA,NA,NA,NA,NA,NA,NA,NA,NA,0,no,
18/10/2025,22/10/2025,larvae,10:33:30,CABDE,B2,40.7,2,10,10,NA,NA,NA,NA,NA,NA,NA,NA,NA,NA,NA,NA,NA,NA,NA,NA,NA,NA,NA,NA,NA,NA,NA,NA,NA,NA,NA,NA,NA,0,no,
18/10/2025,22/10/2025,larvae,10:33:30,CABDE,B3,39.6,2,10,10,NA,NA,NA,NA,NA,NA,NA,NA,NA,NA,NA,NA,NA,NA,NA,NA,NA,NA,NA,NA,NA,NA,NA,NA,NA,NA,NA,NA,NA,0,no,
18/10/2025,22/10/2025,larvae,10:33:30,CABDE,B4,39,2,10,7,3,NA,NA,NA,NA,NA,NA,NA,NA,NA,NA,NA,NA,NA,NA,NA,NA,NA,NA,NA,NA,NA,NA,NA,NA,NA,NA,NA,NA,0,no,
18/10/2025,22/10/2025,larvae,10:33:30,CABDE,B5,38.5,2,10,0,0,1,NA,NA,0,0,NA,NA,NA,NA,NA,NA,NA,NA,NA,NA,NA,NA,NA,NA,NA,NA,NA,NA,NA,NA,NA,NA,NA,0,no,
18/10/2025,22/10/2025,larvae,10:33:30,CABDE,B6,38.6,2,10,0,1,1,NA,NA,0,0,NA,NA,NA,NA,NA,NA,NA,NA,NA,NA,NA,NA,NA,NA,NA,NA,NA,NA,NA,NA,NA,NA,NA,0,no,
18/10/2025,22/10/2025,larvae,10:33:30,CABDE,B7,38.7,2,10,0,4,0,NA,NA,0,0,NA,NA,NA,NA,NA,NA,NA,NA,NA,NA,NA,NA,NA,NA,NA,NA,NA,NA,NA,NA,NA,NA,NA,0,no,
18/10/2025,22/10/2025,larvae,10:33:30,CABDE,B8,39.3,2,10,10,NA,NA,NA,NA,NA,NA,NA,NA,NA,NA,NA,NA,NA,NA,NA,NA,NA,NA,NA,NA,NA,NA,NA,NA,NA,NA,NA,NA,NA,0,no,
18/10/2025,22/10/2025,larvae,10:33:30,CABDE,B9,40.3,2,10,10,NA,NA,NA,NA,NA,NA,NA,NA,NA,NA,NA,NA,NA,NA,NA,NA,NA,NA,NA,NA,NA,NA,NA,NA,NA,NA,NA,NA,NA,0,no,
18/10/2025,22/10/2025,larvae,10:33:30,CABDE,B10,41,1,10,10,NA,NA,NA,NA,NA,NA,NA,NA,NA,NA,NA,NA,NA,NA,NA,NA,NA,NA,NA,NA,NA,NA,NA,NA,NA,NA,NA,NA,NA,0,no,
18/10/2025,22/10/2025,larvae,10:33:30,CABDE,C1,42.3,1,10,10,NA,NA,NA,NA,NA,NA,NA,NA,NA,NA,NA,NA,NA,NA,NA,NA,NA,NA,NA,NA,NA,NA,NA,NA,NA,NA,NA,NA,NA,0,no,
18/10/2025,22/10/2025,larvae,10:33:30,CABDE,C2,40.7,6,10,10,NA,NA,NA,NA,NA,NA,NA,NA,NA,NA,NA,NA,NA,NA,NA,NA,NA,NA,NA,NA,NA,NA,NA,NA,NA,NA,NA,NA,NA,0,no,
18/10/2025,22/10/2025,larvae,10:33:30,CABDE,C3,39.6,6,10,10,NA,NA,NA,NA,NA,NA,NA,NA,NA,NA,NA,NA,NA,NA,NA,NA,NA,NA,NA,NA,NA,NA,NA,NA,NA,NA,NA,NA,NA,0,no,
18/10/2025,22/10/2025,larvae,10:33:30,CABDE,C4,39,6,10,10,NA,NA,NA,NA,NA,NA,NA,NA,NA,NA,NA,NA,NA,NA,NA,NA,NA,NA,NA,NA,NA,NA,NA,NA,NA,NA,NA,NA,NA,0,no,
18/10/2025,22/10/2025,larvae,10:33:30,CABDE,C5,38.5,6,10,7,1,0,NA,NA,0,0,NA,NA,NA,NA,NA,NA,NA,NA,NA,NA,NA,NA,NA,NA,NA,NA,NA,NA,NA,NA,NA,NA,NA,0,no,
18/10/2025,22/10/2025,larvae,10:33:30,CABDE,C6,38.6,6,10,6,1,0,NA,NA,0,0,NA,NA,NA,NA,NA,NA,NA,NA,NA,NA,NA,NA,NA,NA,NA,NA,NA,NA,NA,NA,NA,NA,NA,0,no,
18/10/2025,22/10/2025,larvae,10:33:30,CABDE,C7,38.7,6,10,6,2,0,NA,NA,0,0,NA,NA,NA,NA,NA,NA,NA,NA,NA,NA,NA,NA,NA,NA,NA,NA,NA,NA,NA,NA,NA,NA,NA,0,no,
18/10/2025,22/10/2025,larvae,10:33:30,CABDE,C8,39.3,6,10,10,NA,NA,NA,NA,NA,NA,NA,NA,NA,NA,NA,NA,NA,NA,NA,NA,NA,NA,NA,NA,NA,NA,NA,NA,NA,NA,NA,NA,NA,0,no,
18/10/2025,22/10/2025,larvae,10:33:30,CABDE,C9,40.3,6,10,10,NA,NA,NA,NA,NA,NA,NA,NA,NA,NA,NA,NA,NA,NA,NA,NA,NA,NA,NA,NA,NA,NA,NA,NA,NA,NA,NA,NA,NA,0,no,
18/10/2025,22/10/2025,larvae,10:33:30,CABDE,C10,41,4,10,10,NA,NA,NA,NA,NA,NA,NA,NA,NA,NA,NA,NA,NA,NA,NA,NA,NA,NA,NA,NA,NA,NA,NA,NA,NA,NA,NA,NA,NA,0,no,
18/10/2025,22/10/2025,larvae,10:33:30,CABDE,D1,42.3,0.166666667,10,10,NA,NA,NA,NA,NA,NA,NA,NA,NA,NA,NA,NA,NA,NA,NA,NA,NA,NA,NA,NA,NA,NA,NA,NA,NA,NA,NA,NA,NA,0,no,
18/10/2025,22/10/2025,larvae,10:33:30,CABDE,D2,40.7,1,10,10,NA,NA,NA,NA,NA,NA,NA,NA,NA,NA,NA,NA,NA,NA,NA,NA,NA,NA,NA,NA,NA,NA,NA,NA,NA,NA,NA,NA,NA,0,no,
18/10/2025,22/10/2025,larvae,10:33:30,CABDE,D3,39.6,1,10,1,3,1,NA,NA,0,0,NA,NA,NA,NA,NA,NA,NA,NA,NA,NA,NA,NA,NA,NA,NA,NA,NA,NA,NA,NA,NA,NA,NA,0,no,
18/10/2025,22/10/2025,larvae,10:33:30,CABDE,D4,39,1,10,0,0,0,NA,NA,0,0,NA,NA,NA,NA,NA,NA,NA,NA,NA,NA,NA,NA,NA,NA,NA,NA,NA,NA,NA,NA,NA,NA,NA,0,no,
18/10/2025,22/10/2025,larvae,10:33:30,CABDE,D5,38.5,1,10,1,0,0,NA,NA,0,0,NA,NA,NA,NA,NA,NA,NA,NA,NA,NA,NA,NA,NA,NA,NA,NA,NA,NA,NA,NA,NA,NA,NA,0,no,
18/10/2025,22/10/2025,larvae,10:33:30,CABDE,D6,38.6,1,9,0,0,0,NA,NA,0,0,NA,NA,NA,NA,NA,NA,NA,NA,NA,NA,NA,NA,NA,NA,NA,NA,NA,NA,NA,NA,NA,NA,NA,0,no,
18/10/2025,22/10/2025,larvae,10:33:30,CABDE,D7,38.7,1,10,0,0,0,NA,NA,0,0,NA,NA,NA,NA,NA,NA,NA,NA,NA,NA,NA,NA,NA,NA,NA,NA,NA,NA,NA,NA,NA,NA,NA,0,no,
18/10/2025,22/10/2025,larvae,10:33:30,CABDE,D8,39.3,1,10,0,0,0,NA,NA,0,0,NA,NA,NA,NA,NA,NA,NA,NA,NA,NA,NA,NA,NA,NA,NA,NA,NA,NA,NA,NA,NA,NA,NA,0,no,
18/10/2025,22/10/2025,larvae,10:33:30,CABDE,D9,40.3,1,10,3,6,0,NA,NA,0,0,NA,NA,NA,NA,NA,NA,NA,NA,NA,NA,NA,NA,NA,NA,NA,NA,NA,NA,NA,NA,NA,NA,NA,0,no,
18/10/2025,22/10/2025,larvae,10:33:30,CABDE,D10,41,0.5,10,10,NA,NA,NA,NA,NA,NA,NA,NA,NA,NA,NA,NA,NA,NA,NA,NA,NA,NA,NA,NA,NA,NA,NA,NA,NA,NA,NA,NA,NA,0,no,
18/10/2025,22/10/2025,larvae,10:33:30,CABDE,E1,42.3,0.083333333,10,10,NA,NA,NA,NA,NA,NA,NA,NA,NA,NA,NA,NA,NA,NA,NA,NA,NA,NA,NA,NA,NA,NA,NA,NA,NA,NA,NA,NA,NA,0,no,
18/10/2025,22/10/2025,larvae,10:33:30,CABDE,E2,40.7,0.5,10,4,3,0,NA,NA,0,0,NA,NA,NA,NA,NA,NA,NA,NA,NA,NA,NA,NA,NA,NA,NA,NA,NA,NA,NA,NA,NA,NA,NA,0,no,
18/10/2025,22/10/2025,larvae,10:33:30,CABDE,E3,39.6,0.5,10,0,0,0,NA,NA,0,0,NA,NA,NA,NA,NA,NA,NA,NA,NA,NA,NA,NA,NA,NA,NA,NA,NA,NA,NA,NA,NA,NA,NA,0,no,
18/10/2025,22/10/2025,larvae,10:33:30,CABDE,E4,39,0.5,10,0,0,0,NA,NA,0,0,NA,NA,NA,NA,NA,NA,NA,NA,NA,NA,NA,NA,NA,NA,NA,NA,NA,NA,NA,NA,NA,NA,NA,0,no,
18/10/2025,22/10/2025,larvae,10:33:30,CABDE,E5,38.5,0.5,10,0,1,0,NA,NA,0,0,NA,NA,NA,NA,NA,NA,NA,NA,NA,NA,NA,NA,NA,NA,NA,NA,NA,NA,NA,NA,NA,NA,NA,0,no,
18/10/2025,22/10/2025,larvae,10:33:30,CABDE,E6,38.6,0.5,10,0,1,0,NA,NA,0,0,NA,NA,NA,NA,NA,NA,NA,NA,NA,NA,NA,NA,NA,NA,NA,NA,NA,NA,NA,NA,NA,NA,NA,0,no,
18/10/2025,22/10/2025,larvae,10:33:30,CABDE,E7,38.7,0.5,10,0,0,1,NA,NA,0,0,NA,NA,NA,NA,NA,NA,NA,NA,NA,NA,NA,NA,NA,NA,NA,NA,NA,NA,NA,NA,NA,NA,NA,0,no,
18/10/2025,22/10/2025,larvae,10:33:30,CABDE,E8,39.3,0.5,10,0,0,0,NA,NA,0,0,NA,NA,NA,NA,NA,NA,NA,NA,NA,NA,NA,NA,NA,NA,NA,NA,NA,NA,NA,NA,NA,NA,NA,0,no,
18/10/2025,22/10/2025,larvae,10:33:30,CABDE,E9,40.3,0.5,10,2,2,0,NA,NA,0,0,NA,NA,NA,NA,NA,NA,NA,NA,NA,NA,NA,NA,NA,NA,NA,NA,NA,NA,NA,NA,NA,NA,NA,0,no,
18/10/2025,22/10/2025,larvae,10:33:30,CABDE,E10,41,0.25,10,5,2,0,NA,NA,0,0,NA,NA,NA,NA,NA,NA,NA,NA,NA,NA,NA,NA,NA,NA,NA,NA,NA,NA,NA,NA,NA,NA,NA,0,no,
18/10/2025,22/10/2025,larvae,10:33:30,CABDE,Z1,NA,0,10,0,0,0,NA,NA,0,0,NA,NA,NA,NA,NA,NA,NA,NA,NA,NA,NA,NA,NA,NA,NA,NA,NA,NA,NA,NA,NA,NA,NA,0,no,
18/10/2025,22/10/2025,larvae,10:33:30,CABDE,Z2,NA,0,10,0,0,0,NA,NA,0,0,NA,NA,NA,NA,NA,NA,NA,NA,NA,NA,NA,NA,NA,NA,NA,NA,NA,NA,NA,NA,NA,NA,NA,0,no,
18/10/2025,22/10/2025,larvae,10:33:30,CABDE,Z3,NA,0,10,0,0,0,NA,NA,0,0,NA,NA,NA,NA,NA,NA,NA,NA,NA,NA,NA,NA,NA,NA,NA,NA,NA,NA,NA,NA,NA,NA,NA,0,no,
27/10/2025,27/10/2025,young_embryos,10:52:00,CABDE,A1,42.1,0.5,25,25,NA,NA,NA,NA,NA,NA,NA,NA,NA,NA,NA,NA,NA,NA,NA,NA,NA,NA,NA,NA,NA,NA,NA,NA,NA,NA,NA,NA,NA,0,no,
27/10/2025,27/10/2025,young_embryos,10:52:00,CABDE,A2,40.6,4,24,24,NA,NA,NA,NA,NA,NA,NA,NA,NA,NA,NA,NA,NA,NA,NA,NA,NA,NA,NA,NA,NA,NA,NA,NA,NA,NA,NA,NA,NA,0,no,
27/10/2025,27/10/2025,young_embryos,10:52:00,CABDE,A3,39.5,4,24,11,0,1,0,0,1,1,0,0,3,0,0,0,7,NA,0,NA,NA,NA,NA,NA,NA,NA,NA,NA,NA,NA,NA,NA,NA,0,no,
27/10/2025,27/10/2025,young_embryos,10:52:00,CABDE,A4,38.9,4,25,5,0,0,0,0,0,0,0,0,1,3,3,6,0,0,4,1,NA,NA,NA,NA,NA,0,NA,2,NA,NA,NA,NA,5,0,no,
27/10/2025,27/10/2025,young_embryos,10:52:00,CABDE,A5,38.4,4,25,2,2,0,0,0,0,1,0,0,0,0,3,6,0,1,2,3,NA,NA,NA,NA,NA,0,NA,4,0,NA,1,NA,6,0,no,
27/10/2025,27/10/2025,young_embryos,10:52:00,CABDE,A6,38.4,4,27,8,2,0,0,0,0,0,0,0,0,1,8,5,0,1,1,0,NA,NA,NA,NA,NA,0,NA,0,0,NA,1,NA,3,0,no,
27/10/2025,27/10/2025,young_embryos,10:52:00,CABDE,A7,38.7,4,24,5,1,0,0,0,0,0,0,0,0,0,0,11,0,0,4,0,NA,NA,NA,NA,NA,0,NA,2,0,NA,1,NA,2,0,no,
27/10/2025,27/10/2025,young_embryos,10:52:00,CABDE,A8,39.3,4,27,9,3,0,0,0,1,0,0,0,2,3,3,1,0,2,2,1,NA,NA,NA,NA,NA,NA,NA,NA,NA,NA,NA,NA,1,0,no,
27/10/2025,27/10/2025,young_embryos,10:52:00,CABDE,A9,40.2,4,25,19,6,NA,0,0,NA,NA,NA,NA,NA,NA,NA,NA,NA,NA,NA,NA,NA,NA,NA,NA,NA,NA,NA,NA,NA,NA,NA,NA,NA,0,no,
27/10/2025,27/10/2025,young_embryos,10:52:00,CABDE,A10,40.9,2,23,23,NA,NA,NA,NA,NA,NA,NA,NA,NA,NA,NA,NA,NA,NA,NA,NA,NA,NA,NA,NA,NA,NA,NA,NA,NA,NA,NA,NA,NA,0,no,
27/10/2025,27/10/2025,young_embryos,10:52:00,CABDE,B1,42.1,0.25,25,24,0,0,0,0,0,0,0,0,0,0,0,0,0,0,0,0,NA,NA,NA,NA,NA,1,NA,NA,NA,NA,NA,NA,NA,0,no,
27/10/2025,27/10/2025,young_embryos,10:52:00,CABDE,B2,40.6,2,25,21,4,NA,0,0,NA,NA,NA,NA,NA,NA,NA,NA,NA,NA,NA,NA,NA,NA,NA,NA,NA,NA,NA,NA,NA,NA,NA,NA,NA,0,no,
27/10/2025,27/10/2025,young_embryos,10:52:00,CABDE,B3,39.5,2,26,2,3,0,0,0,0,0,0,0,2,3,2,2,3,0,1,1,NA,NA,NA,NA,NA,6,NA,1,NA,NA,NA,NA,4,0,no,
27/10/2025,27/10/2025,young_embryos,10:52:00,CABDE,B4,38.9,2,29,8,0,0,0,0,0,0,0,0,0,1,8,4,0,0,4,1,NA,NA,NA,NA,NA,0,NA,2,NA,NA,1,NA,4,0,no,
27/10/2025,27/10/2025,young_embryos,10:52:00,CABDE,B5,38.4,2,24,2,0,0,0,0,0,0,0,0,0,0,1,2,0,0,7,6,NA,NA,NA,NA,NA,1,NA,4,NA,NA,1,NA,3,0,no,
27/10/2025,27/10/2025,young_embryos,10:52:00,CABDE,B6,38.4,2,24,4,0,1,0,0,0,0,2,5,0,0,8,4,NA,NA,NA,NA,NA,NA,NA,NA,NA,NA,NA,NA,NA,NA,NA,NA,4,0,no,
27/10/2025,27/10/2025,young_embryos,10:52:00,CABDE,B7,38.7,2,26,3,0,1,0,0,0,0,1,5,0,0,9,6,0,NA,1,NA,NA,NA,NA,NA,NA,NA,NA,NA,NA,NA,NA,NA,NA,0,no,
27/10/2025,27/10/2025,young_embryos,10:52:00,CABDE,B8,39.3,2,25,8,1,0,0,0,0,0,0,0,1,0,1,7,0,0,3,0,NA,NA,NA,NA,NA,0,NA,2,0,NA,2,NA,6,0,no,
27/10/2025,27/10/2025,young_embryos,10:52:00,CABDE,B9,40.2,2,27,9,2,0,0,0,1,1,0,0,0,11,0,0,3,NA,0,NA,NA,NA,NA,NA,NA,NA,NA,NA,NA,NA,NA,NA,NA,0,no,
27/10/2025,27/10/2025,young_embryos,10:52:00,CABDE,B10,40.9,1,25,4,2,0,0,0,4,1,0,0,4,6,0,0,2,0,0,0,NA,NA,NA,NA,NA,2,NA,0,NA,NA,NA,NA,,0,no,
27/10/2025,27/10/2025,young_embryos,10:52:00,CABDE,C1,42.1,1,25,25,NA,NA,NA,NA,NA,NA,NA,NA,NA,NA,NA,NA,NA,NA,NA,NA,NA,NA,NA,NA,NA,NA,NA,NA,NA,NA,NA,NA,NA,0,no,
27/10/2025,27/10/2025,young_embryos,10:52:00,CABDE,C2,40.6,6,25,25,NA,NA,NA,NA,NA,NA,NA,NA,NA,NA,NA,NA,NA,NA,NA,NA,NA,NA,NA,NA,NA,NA,NA,NA,NA,NA,NA,NA,NA,0,no,
27/10/2025,27/10/2025,young_embryos,10:52:00,CABDE,C3,39.5,6,24,20,3,0,0,0,1,NA,0,NA,NA,NA,NA,NA,NA,NA,NA,NA,NA,NA,NA,NA,NA,NA,NA,NA,NA,NA,NA,NA,NA,0,no,
27/10/2025,27/10/2025,young_embryos,10:52:00,CABDE,C4,38.9,6,25,11,2,0,0,0,3,4,0,0,1,0,0,1,0,0,1,1,NA,NA,NA,NA,NA,1,NA,0,NA,NA,NA,NA,2,0,no,
27/10/2025,27/10/2025,young_embryos,10:52:00,CABDE,C5,38.4,6,25,3,0,0,0,0,0,0,0,0,1,1,2,4,1,0,2,2,NA,NA,NA,NA,NA,1,NA,7,0,NA,1,NA,10,0,no,
27/10/2025,27/10/2025,young_embryos,10:52:00,CABDE,C6,38.4,6,24,6,0,0,0,0,1,0,0,1,0,2,3,2,0,0,4,0,NA,NA,NA,NA,NA,1,NA,4,NA,NA,NA,NA,6,0,no,
27/10/2025,27/10/2025,young_embryos,10:52:00,CABDE,C7,38.7,6,25,6,0,0,0,0,2,0,0,0,1,1,0,2,3,0,6,2,NA,NA,NA,NA,NA,1,NA,0,0,NA,1,NA,2,0,no,
27/10/2025,27/10/2025,young_embryos,10:52:00,CABDE,C8,39.3,6,25,15,4,2,0,0,0,0,0,0,1,1,0,0,1,0,0,1,NA,NA,NA,NA,NA,NA,NA,NA,NA,NA,NA,NA,,0,no,
27/10/2025,27/10/2025,young_embryos,10:52:00,CABDE,C9,40.2,6,25,25,NA,NA,NA,NA,NA,NA,NA,NA,NA,NA,NA,NA,NA,NA,NA,NA,NA,NA,NA,NA,NA,NA,NA,NA,NA,NA,NA,NA,NA,0,no,
27/10/2025,27/10/2025,young_embryos,10:52:00,CABDE,C10,40.9,4,25,25,NA,NA,NA,NA,NA,NA,NA,NA,NA,NA,NA,NA,NA,NA,NA,NA,NA,NA,NA,NA,NA,NA,NA,NA,NA,NA,NA,NA,NA,0,no,
27/10/2025,27/10/2025,young_embryos,10:52:00,CABDE,D1,42.1,0.166666667,25,21,0,0,0,0,0,0,0,0,0,1,0,0,0,0,0,1,NA,NA,NA,NA,NA,2,NA,0,NA,NA,NA,NA,1,0,no,
27/10/2025,27/10/2025,young_embryos,10:52:00,CABDE,D2,40.6,1,23,5,0,0,0,0,0,0,0,0,0,2,3,1,5,0,1,1,NA,NA,NA,NA,NA,5,NA,0,NA,NA,NA,NA,5,0,no,
27/10/2025,27/10/2025,young_embryos,10:52:00,CABDE,D3,39.5,1,25,2,0,0,0,0,0,0,0,0,0,0,12,10,0,NA,1,NA,NA,NA,NA,NA,NA,NA,NA,NA,NA,NA,NA,NA,2,0,no,
27/10/2025,27/10/2025,young_embryos,10:52:00,CABDE,D4,38.9,1,25,5,1,0,0,0,0,0,0,0,0,0,2,5,0,0,6,4,NA,NA,NA,NA,NA,0,NA,2,NA,NA,NA,NA,,0,no,
27/10/2025,27/10/2025,young_embryos,10:52:00,CABDE,D5,38.4,1,23,1,0,0,0,0,0,0,0,6,0,0,14,1,0,NA,1,NA,NA,NA,NA,NA,NA,NA,NA,NA,NA,NA,NA,NA,,0,no,
27/10/2025,27/10/2025,young_embryos,10:52:00,CABDE,D6,38.4,1,25,4,1,0,0,0,0,0,0,3,0,0,11,6,NA,NA,NA,NA,NA,NA,NA,NA,NA,NA,NA,NA,NA,NA,NA,NA,2,0,no,
27/10/2025,27/10/2025,young_embryos,10:52:00,CABDE,D7,38.7,1,26,2,1,0,0,0,0,1,0,7,0,0,13,2,NA,NA,NA,NA,NA,NA,NA,NA,NA,NA,NA,NA,NA,NA,NA,NA,NA,0,no,
27/10/2025,27/10/2025,young_embryos,10:52:00,CABDE,D8,39.3,1,25,1,0,0,0,0,0,0,0,0,0,0,1,10,0,0,8,2,NA,NA,NA,NA,NA,1,NA,2,NA,NA,NA,NA,1,0,no,
27/10/2025,27/10/2025,young_embryos,10:52:00,CABDE,D9,40.2,1,25,3,0,1,0,0,0,1,0,1,1,1,8,4,2,0,0,1,NA,NA,NA,NA,NA,2,NA,0,NA,NA,NA,NA,6,0,no,
27/10/2025,27/10/2025,young_embryos,10:52:00,CABDE,D10,40.9,0.5,25,13,0,0,0,0,0,0,0,0,0,9,0,0,2,1,0,0,NA,NA,NA,NA,NA,NA,NA,NA,NA,NA,NA,NA,,0,no,
27/10/2025,27/10/2025,young_embryos,10:52:00,CABDE,E1,42.1,0.083333333,27,11,0,1,0,0,0,0,0,0,1,0,11,3,NA,NA,NA,NA,NA,NA,NA,NA,NA,NA,NA,NA,NA,NA,NA,NA,1,0,no,
27/10/2025,27/10/2025,young_embryos,10:52:00,CABDE,E2,40.6,0.5,27,0,0,0,0,0,0,0,1,7,1,0,14,3,0,0,0,0,NA,NA,NA,NA,NA,0,NA,1,NA,NA,NA,NA,2,0,no,
27/10/2025,27/10/2025,young_embryos,10:52:00,CABDE,E3,39.5,0.5,26,1,1,0,0,0,0,1,0,5,0,0,16,2,NA,NA,NA,NA,NA,NA,NA,NA,NA,NA,NA,NA,NA,NA,NA,NA,NA,0,no,
27/10/2025,27/10/2025,young_embryos,10:52:00,CABDE,E4,38.9,0.5,24,5,0,0,0,0,0,0,0,1,0,0,7,10,0,NA,1,NA,NA,NA,NA,NA,NA,NA,NA,NA,NA,NA,NA,NA,NA,0,no,
27/10/2025,27/10/2025,young_embryos,10:52:00,CABDE,E5,38.4,0.5,28,0,0,0,0,0,0,0,0,2,0,0,9,12,0,0,4,0,NA,NA,NA,NA,NA,0,NA,1,NA,NA,NA,NA,,0,no,
27/10/2025,27/10/2025,young_embryos,10:52:00,CABDE,E6,38.4,0.5,24,1,1,0,0,0,0,0,0,3,0,0,11,8,NA,NA,NA,NA,NA,NA,NA,NA,NA,NA,NA,NA,NA,NA,NA,NA,NA,0,no,
27/10/2025,27/10/2025,young_embryos,10:52:00,CABDE,E7,38.7,0.5,25,2,0,0,0,0,0,0,0,0,1,0,7,13,0,NA,2,NA,NA,NA,NA,NA,NA,NA,NA,NA,NA,NA,NA,NA,NA,0,no,
27/10/2025,27/10/2025,young_embryos,10:52:00,CABDE,E8,39.3,0.5,26,3,0,0,0,0,0,0,0,0,0,0,3,13,0,0,2,2,NA,NA,NA,NA,NA,0,NA,2,0,NA,1,NA,1,0,no,
27/10/2025,27/10/2025,young_embryos,10:52:00,CABDE,E9,40.2,0.5,24,1,1,0,0,0,0,1,0,5,0,0,7,9,NA,NA,NA,NA,NA,NA,NA,NA,NA,NA,NA,NA,NA,NA,NA,NA,2,0,no,
27/10/2025,27/10/2025,young_embryos,10:52:00,CABDE,E10,40.9,0.25,27,8,0,1,0,0,0,0,0,4,2,0,8,3,0,0,0,0,NA,NA,NA,NA,NA,1,NA,0,NA,NA,NA,NA,6,0,no,
27/10/2025,27/10/2025,young_embryos,10:52:00,CABDE,Z1,NA,0,27,1,3,0,0,0,0,0,0,12,1,1,5,4,NA,NA,NA,NA,NA,NA,NA,NA,NA,NA,NA,NA,NA,NA,NA,NA,NA,0,no,
27/10/2025,27/10/2025,young_embryos,10:52:00,CABDE,Z2,NA,0,27,0,1,0,0,0,0,0,0,6,0,0,18,2,NA,NA,NA,NA,NA,NA,NA,NA,NA,NA,NA,NA,NA,NA,NA,NA,NA,0,no,
27/10/2025,27/10/2025,young_embryos,10:52:00,CABDE,Z3,NA,0,29,0,0,1,0,0,0,0,0,16,0,1,9,2,NA,NA,NA,NA,NA,NA,NA,NA,NA,NA,NA,NA,NA,NA,NA,NA,1,0,no,
3/11/2025,4/11/2025,old_embryos,10:17:13,CABDE,A1,42.2,0.5,26,1,0,0,0,4,1,2,13,1,4,NA,0,NA,NA,NA,NA,NA,NA,NA,NA,NA,NA,NA,NA,NA,NA,NA,NA,NA,17,0,no,
3/11/2025,4/11/2025,old_embryos,10:17:13,CABDE,B1,42.2,0.25,25,5,2,0,0,4,1,0,7,2,0,0,1,0,NA,NA,NA,NA,NA,0,NA,2,0,NA,1,NA,NA,NA,NA,NA,15,0,no,
3/11/2025,4/11/2025,old_embryos,10:17:13,CABDE,C1,42.2,1,25,25,NA,NA,NA,NA,NA,NA,NA,NA,NA,NA,NA,NA,NA,NA,NA,NA,NA,NA,NA,NA,NA,NA,NA,NA,NA,NA,NA,NA,NA,0,no,
3/11/2025,4/11/2025,old_embryos,10:17:13,CABDE,C2,40.7,6,25,25,NA,NA,NA,NA,NA,NA,NA,NA,NA,NA,NA,NA,NA,NA,NA,NA,NA,NA,NA,NA,NA,NA,NA,NA,NA,NA,NA,NA,NA,0,no,Bubbling stopped for 4 minutes (10:19 to 10:24)
3/11/2025,4/11/2025,old_embryos,10:17:13,CABDE,C3,39.5,6,25,0,0,0,0,0,6,2,1,0,5,1,1,0,NA,NA,NA,NA,NA,1,NA,2,0,0,3,0,NA,NA,NA,NA,3,3,no,
3/11/2025,4/11/2025,old_embryos,10:17:13,CABDE,C4,38.9,6,25,0,0,0,0,0,0,0,7,6,1,1,4,0,NA,NA,NA,NA,NA,0,NA,0,0,0,0,1,NA,NA,NA,NA,6,5,no,
3/11/2025,4/11/2025,old_embryos,10:17:13,CABDE,C5,38.5,6,25,0,0,0,0,7,2,0,7,1,2,0,1,0,NA,NA,NA,NA,NA,0,NA,1,0,0,3,0,NA,NA,NA,NA,4,1,no,
3/11/2025,4/11/2025,old_embryos,10:17:13,CABDE,C6,38.5,6,27,0,0,0,0,4,2,2,17,0,0,0,0,0,NA,NA,NA,NA,NA,0,NA,1,0,0,0,0,NA,NA,NA,NA,2,1,no,
3/11/2025,4/11/2025,old_embryos,10:17:13,CABDE,C7,38.6,6,25,0,0,0,0,5,4,1,7,2,1,0,3,0,NA,NA,NA,NA,NA,0,NA,1,0,0,0,0,NA,NA,NA,NA,3,1,no,
3/11/2025,4/11/2025,old_embryos,10:17:13,CABDE,C8,39.2,6,25,0,0,0,0,2,2,0,8,1,5,1,1,0,NA,NA,NA,NA,NA,2,NA,1,0,0,1,0,NA,NA,NA,NA,5,1,no,
3/11/2025,4/11/2025,old_embryos,10:17:13,CABDE,C9,40.1,6,25,0,4,0,0,0,0,4,0,0,6,1,0,0,NA,NA,NA,NA,NA,8,NA,2,NA,NA,NA,NA,NA,NA,NA,NA,2,0,no,
3/11/2025,4/11/2025,old_embryos,10:17:13,CABDE,C10,41.2,4,25,25,NA,NA,NA,NA,NA,NA,NA,NA,NA,NA,NA,NA,NA,NA,NA,NA,NA,NA,NA,NA,NA,NA,NA,NA,NA,NA,NA,NA,NA,0,no,Stayed for 2.5 minutes too long
3/11/2025,4/11/2025,old_embryos,10:17:13,CABDE,D1,42.2,0.166666667,24,0,0,0,0,6,1,0,6,7,0,0,1,0,NA,NA,NA,NA,NA,2,NA,1,NA,NA,NA,NA,NA,NA,NA,NA,8,0,no,
3/11/2025,4/11/2025,old_embryos,10:17:13,CABDE,D10,41.2,0.5,33,0,0,0,0,8,0,0,16,3,1,0,2,0,NA,NA,NA,NA,NA,2,NA,0,0,NA,1,NA,NA,NA,NA,NA,12,0,no,
3/11/2025,4/11/2025,old_embryos,10:17:13,CABDE,E1,42.2,0.083333333,25,0,0,1,0,10,0,1,8,3,2,NA,0,NA,NA,NA,NA,NA,NA,NA,NA,NA,NA,NA,NA,NA,NA,NA,NA,NA,0,0,maybe,Unsure if bubbling stopped during trial
3/11/2025,4/11/2025,old_embryos,10:17:13,CABDE,E2,40.7,0.5,25,0,0,0,0,10,0,0,10,5,NA,NA,NA,NA,NA,NA,NA,NA,NA,NA,NA,NA,NA,NA,NA,NA,NA,NA,NA,NA,0,0,maybe,Unsure if bubbling stopped during trial
3/11/2025,4/11/2025,old_embryos,10:17:13,CABDE,E3,39.5,0.5,22,0,0,1,0,9,0,0,4,1,0,0,3,1,NA,NA,NA,NA,NA,0,NA,0,0,0,0,2,NA,NA,NA,NA,2,1,maybe,Unsure if bubbling stopped during trial
3/11/2025,4/11/2025,old_embryos,10:17:13,CABDE,E4,38.9,0.5,27,0,0,1,0,5,2,0,14,5,NA,NA,NA,NA,NA,NA,NA,NA,NA,NA,NA,NA,NA,NA,NA,NA,NA,NA,NA,NA,0,0,maybe,Unsure if bubbling stopped during trial
3/11/2025,4/11/2025,old_embryos,10:17:13,CABDE,E5,38.5,0.5,25,0,0,0,0,9,3,0,4,8,0,NA,1,NA,NA,NA,NA,NA,NA,NA,NA,NA,NA,NA,NA,NA,NA,NA,NA,NA,1,0,maybe,Unsure if bubbling stopped during trial
3/11/2025,4/11/2025,old_embryos,10:17:13,CABDE,E6,38.5,0.5,26,0,0,0,0,7,0,0,8,2,0,0,3,2,NA,NA,NA,NA,NA,0,NA,2,0,0,1,0,NA,NA,NA,NA,0,1,maybe,Unsure if bubbling stopped during trial
3/11/2025,4/11/2025,old_embryos,10:17:13,CABDE,E7,38.6,0.5,24,0,0,0,0,10,0,0,12,2,NA,NA,NA,NA,NA,NA,NA,NA,NA,NA,NA,NA,NA,NA,NA,NA,NA,NA,NA,NA,0,0,maybe,Unsure if bubbling stopped during trial
3/11/2025,4/11/2025,old_embryos,10:17:13,CABDE,E8,39.2,0.5,26,0,0,0,0,11,3,0,11,1,NA,NA,NA,NA,NA,NA,NA,NA,NA,NA,NA,NA,NA,NA,NA,NA,NA,NA,NA,NA,0,0,maybe,Unsure if bubbling stopped during trial
3/11/2025,4/11/2025,old_embryos,10:17:13,CABDE,E9,40.1,0.5,25,0,0,2,0,5,0,0,9,3,0,0,1,0,NA,NA,NA,NA,NA,1,NA,2,0,0,0,0,NA,NA,NA,NA,0,2,maybe,Unsure if bubbling stopped during trial
3/11/2025,4/11/2025,old_embryos,10:17:13,CABDE,E10,41.2,0.25,24,0,0,0,0,7,0,0,13,3,0,0,0,1,NA,NA,NA,NA,NA,NA,NA,NA,NA,NA,NA,NA,NA,NA,NA,NA,0,0,maybe,Unsure if bubbling stopped during trial
3/11/2025,4/11/2025,old_embryos,10:17:13,CABDE,Z1,NA,0,25,0,0,0,3,14,0,1,5,0,0,0,0,0,NA,NA,NA,NA,NA,0,NA,1,0,0,0,1,NA,NA,NA,NA,0,0,no,
3/11/2025,4/11/2025,old_embryos,10:17:13,CABDE,Z2,NA,0,28,1,0,0,0,12,1,0,10,3,0,0,0,0,NA,NA,NA,NA,NA,0,NA,0,0,NA,1,NA,NA,NA,NA,NA,0,0,no,
3/11/2025,4/11/2025,old_embryos,10:17:13,CABDE,Z3,NA,0,24,0,0,1,0,8,1,0,10,2,0,NA,2,NA,NA,NA,NA,NA,NA,NA,NA,NA,NA,NA,NA,NA,NA,NA,NA,NA,0,0,no,
10/11/2025,10/11/2025,young_embryos,10:08:20,DEA,A1,42.2,0.016666667,24,0,0,0,0,0,0,0,0,4,0,0,12,5,0,0,0,0,NA,NA,NA,NA,NA,1,NA,0,1,NA,1,NA,3,0,no,
10/11/2025,10/11/2025,young_embryos,10:08:20,DEA,A2,40.5,0.083333333,25,1,4,0,0,0,0,1,0,1,0,1,2,8,0,3,2,2,NA,NA,NA,NA,NA,NA,NA,NA,NA,NA,NA,NA,5,0,no,
10/11/2025,10/11/2025,young_embryos,10:08:20,DEA,A3,39.3,0.083333333,25,2,2,1,0,0,1,0,0,4,0,0,11,2,0,0,1,0,NA,NA,NA,NA,NA,0,NA,0,0,NA,1,NA,5,0,no,
10/11/2025,10/11/2025,young_embryos,10:08:20,DEA,A4,38.8,0.083333333,25,0,3,0,0,0,0,2,0,4,0,0,13,3,NA,NA,NA,NA,NA,NA,NA,NA,NA,NA,NA,NA,NA,NA,NA,NA,1,0,no,
10/11/2025,10/11/2025,young_embryos,10:08:20,DEA,A5,38.2,0.083333333,25,0,0,0,0,0,0,0,0,6,1,0,15,3,NA,NA,NA,NA,NA,NA,NA,NA,NA,NA,NA,NA,NA,NA,NA,NA,2,0,no,
10/11/2025,10/11/2025,young_embryos,10:08:20,DEA,A7,38.1,0.083333333,25,1,0,0,0,0,0,0,0,8,0,0,14,1,0,0,0,1,NA,NA,NA,NA,NA,NA,NA,NA,NA,NA,NA,NA,1,0,no,
10/11/2025,10/11/2025,young_embryos,10:08:20,DEA,A8,38.5,0.083333333,25,3,2,0,0,0,0,0,0,2,0,0,16,2,NA,NA,NA,NA,NA,NA,NA,NA,NA,NA,NA,NA,NA,NA,NA,NA,4,0,no,
10/11/2025,10/11/2025,young_embryos,10:08:20,DEA,A9,40.1,0.083333333,24,0,5,1,0,0,0,0,0,2,0,0,12,4,NA,NA,NA,NA,NA,NA,NA,NA,NA,NA,NA,NA,NA,NA,NA,NA,5,0,no,
10/11/2025,10/11/2025,young_embryos,10:08:20,DEA,A10,41.1,0.083333333,25,7,2,1,0,0,0,0,0,2,3,1,4,4,1,NA,0,NA,NA,NA,NA,NA,NA,NA,NA,NA,NA,NA,NA,NA,3,0,no,
10/11/2025,10/11/2025,young_embryos,10:08:20,DEA,D1,42.2,0.5,25,25,NA,NA,NA,NA,NA,NA,NA,NA,NA,NA,NA,NA,NA,NA,NA,NA,NA,NA,NA,NA,NA,NA,NA,NA,NA,NA,NA,NA,NA,0,no,
10/11/2025,10/11/2025,young_embryos,10:08:20,DEA,E1,42.2,0.016666667,25,1,2,0,0,0,0,0,0,4,0,2,11,5,NA,NA,NA,NA,NA,NA,NA,NA,NA,NA,NA,NA,NA,NA,NA,NA,3,0,no,
10/11/2025,10/11/2025,young_embryos,10:08:20,DEA,E2,40.5,0.083333333,25,1,3,1,0,0,0,0,0,3,1,0,3,3,0,0,0,0,NA,NA,NA,NA,NA,3,NA,0,6,NA,1,NA,5,0,no,
10/11/2025,10/11/2025,young_embryos,10:08:20,DEA,E3,39.3,0.083333333,25,4,0,0,0,0,0,0,0,0,2,0,13,6,NA,NA,NA,NA,NA,NA,NA,NA,NA,NA,NA,NA,NA,NA,NA,NA,7,0,no,
10/11/2025,10/11/2025,young_embryos,10:08:20,DEA,E4,38.8,0.083333333,25,0,1,0,0,0,0,0,1,0,1,1,14,6,0,1,0,0,NA,NA,NA,NA,NA,NA,NA,NA,NA,NA,NA,NA,3,0,no,
10/11/2025,10/11/2025,young_embryos,10:08:20,DEA,E5,38.2,0.083333333,24,1,3,0,0,0,1,0,1,10,0,0,2,5,0,0,0,1,NA,NA,NA,NA,NA,NA,NA,NA,NA,NA,NA,NA,1,0,no,
10/11/2025,10/11/2025,young_embryos,10:08:20,DEA,E7,38.1,0.083333333,25,2,0,0,0,0,0,0,0,7,0,0,15,0,1,NA,0,NA,NA,NA,NA,NA,NA,NA,NA,NA,NA,NA,NA,NA,2,0,no,
10/11/2025,10/11/2025,young_embryos,10:08:20,DEA,E8,38.5,0.083333333,25,0,2,1,0,0,1,0,0,6,0,0,13,2,NA,NA,NA,NA,NA,NA,NA,NA,NA,NA,NA,NA,NA,NA,NA,NA,6,0,no,
10/11/2025,10/11/2025,young_embryos,10:08:20,DEA,E9,40.1,0.083333333,25,2,0,2,0,0,0,0,0,6,0,2,10,3,NA,NA,NA,NA,NA,NA,NA,NA,NA,NA,NA,NA,NA,NA,NA,NA,13,0,no,
10/11/2025,10/11/2025,young_embryos,10:08:20,DEA,E10,41.1,0.083333333,25,9,3,0,0,0,0,2,0,0,0,0,4,1,1,3,0,0,NA,NA,NA,NA,NA,2,NA,0,NA,NA,NA,NA,3,0,no,
10/11/2025,10/11/2025,young_embryos,10:08:20,DEA,Z1,NA,0,25,0,0,1,0,0,0,0,0,1,0,1,10,10,0,0,1,0,NA,NA,NA,NA,NA,0,NA,1,NA,NA,NA,NA,0,0,no,
10/11/2025,10/11/2025,young_embryos,10:08:20,DEA,Z2,NA,0,25,1,1,0,0,0,0,0,0,2,0,0,16,5,NA,NA,NA,NA,NA,NA,NA,NA,NA,NA,NA,NA,NA,NA,NA,NA,1,0,no,
10/11/2025,11/11/2025,old_embryos,10:23:26,CEABD,A2,40.3,4,24,9,0,2,0,0,0,0,0,2,0,1,1,1,NA,NA,NA,NA,NA,0,NA,3,2,2,0,0,NA,NA,NA,NA,6,1,no,
10/11/2025,11/11/2025,old_embryos,10:23:26,CEABD,A3,39.1,4,25,0,0,0,0,2,0,1,17,2,0,0,2,1,NA,NA,NA,NA,NA,NA,NA,NA,NA,NA,NA,NA,NA,NA,NA,NA,1,0,no,
10/11/2025,11/11/2025,old_embryos,10:23:26,CEABD,A5,38.1,4,25,0,0,2,0,6,0,2,13,1,0,0,0,0,NA,NA,NA,NA,NA,0,NA,0,1,NA,0,NA,NA,NA,NA,NA,1,0,no,
10/11/2025,11/11/2025,old_embryos,10:23:26,CEABD,A6,38.1,4,23,0,0,0,0,5,1,1,12,1,0,0,1,1,NA,NA,NA,NA,NA,1,NA,0,NA,NA,NA,NA,NA,NA,NA,NA,0,0,no,
10/11/2025,11/11/2025,old_embryos,10:23:26,CEABD,A7,38.2,4,25,0,1,0,0,3,0,1,14,5,0,NA,1,NA,NA,NA,NA,NA,NA,NA,NA,NA,NA,NA,NA,NA,NA,NA,NA,NA,0,0,no,
10/11/2025,11/11/2025,old_embryos,10:23:26,CEABD,A8,39,4,24,0,0,2,0,3,0,0,11,6,0,0,1,1,NA,NA,NA,NA,NA,NA,NA,NA,NA,NA,NA,NA,NA,NA,NA,NA,0,0,no,
10/11/2025,11/11/2025,old_embryos,10:23:26,CEABD,A9,40,4,25,0,0,0,0,0,0,1,12,2,0,0,2,1,NA,NA,NA,NA,NA,0,NA,5,0,0,0,0,NA,NA,NA,NA,9,2,no,
10/11/2025,11/11/2025,old_embryos,10:23:26,CEABD,A10,40.7,2,25,25,NA,NA,NA,NA,NA,NA,NA,NA,NA,NA,NA,NA,NA,NA,NA,NA,NA,NA,NA,NA,NA,NA,NA,NA,NA,NA,NA,NA,9,0,no,
10/11/2025,11/11/2025,old_embryos,10:23:26,CEABD,B2,40.3,2,22,1,0,0,0,1,0,1,18,1,NA,NA,NA,NA,NA,NA,NA,NA,NA,NA,NA,NA,NA,NA,NA,NA,NA,NA,NA,NA,12,0,no,
10/11/2025,11/11/2025,old_embryos,10:23:26,CEABD,B3,39.1,2,25,0,0,1,0,8,0,0,15,1,NA,NA,NA,NA,NA,NA,NA,NA,NA,NA,NA,NA,NA,NA,NA,NA,NA,NA,NA,NA,0,0,no,
10/11/2025,11/11/2025,old_embryos,10:23:26,CEABD,B4,38.5,2,26,0,0,0,1,16,0,1,5,1,0,0,0,0,NA,NA,NA,NA,NA,0,NA,2,NA,NA,NA,NA,NA,NA,NA,NA,0,0,no,
10/11/2025,11/11/2025,old_embryos,10:23:26,CEABD,B5,38.1,2,25,0,0,0,0,10,0,0,10,2,0,1,0,2,NA,NA,NA,NA,NA,NA,NA,NA,NA,NA,NA,NA,NA,NA,NA,NA,0,0,no,
10/11/2025,11/11/2025,old_embryos,10:23:26,CEABD,B6,38.1,2,25,1,3,4,0,2,0,0,11,4,NA,NA,NA,NA,NA,NA,NA,NA,NA,NA,NA,NA,NA,NA,NA,NA,NA,NA,NA,NA,0,0,no,
10/11/2025,11/11/2025,old_embryos,10:23:26,CEABD,B7,38.2,2,25,0,0,0,0,10,1,0,12,1,0,0,0,0,NA,NA,NA,NA,NA,0,NA,1,NA,NA,NA,NA,NA,NA,NA,NA,0,0,no,
10/11/2025,11/11/2025,old_embryos,10:23:26,CEABD,B8,39,2,23,0,1,0,0,7,0,0,10,3,0,0,0,1,NA,NA,NA,NA,NA,0,NA,0,0,0,0,0,NA,NA,NA,NA,0,1,no,
10/11/2025,11/11/2025,old_embryos,10:23:26,CEABD,B9,40,2,27,0,0,1,0,4,0,0,12,8,0,0,1,0,NA,NA,NA,NA,NA,0,NA,0,1,NA,0,NA,NA,NA,NA,NA,2,0,no,
10/11/2025,11/11/2025,old_embryos,10:23:26,CEABD,B10,40.7,1,24,1,1,0,0,13,0,2,5,0,0,0,0,0,NA,NA,NA,NA,NA,0,NA,0,1,0,0,0,NA,NA,NA,NA,16,1,no,
10/11/2025,11/11/2025,old_embryos,10:23:26,CEABD,C1,42,0.5,25,24,0,0,0,0,0,0,0,0,0,0,0,0,NA,NA,NA,NA,NA,0,NA,0,0,1,0,0,NA,NA,NA,NA,0,0,no,
10/11/2025,11/11/2025,old_embryos,10:23:26,CEABD,C2,40.3,10,25,25,NA,NA,NA,NA,NA,NA,NA,NA,NA,NA,NA,NA,NA,NA,NA,NA,NA,NA,NA,NA,NA,NA,NA,NA,NA,NA,NA,NA,0,0,no,
10/11/2025,11/11/2025,old_embryos,10:23:26,CEABD,C3,39.1,10,26,0,0,1,0,0,0,1,3,3,1,0,2,6,NA,NA,NA,NA,NA,1,NA,1,2,0,1,0,NA,NA,NA,NA,11,4,no,
10/11/2025,11/11/2025,old_embryos,10:23:26,CEABD,C4,38.5,10,25,0,1,0,0,0,0,0,7,9,1,0,2,2,NA,NA,NA,NA,NA,1,NA,1,0,0,0,0,NA,NA,NA,NA,15,1,no,
10/11/2025,11/11/2025,old_embryos,10:23:26,CEABD,C5,38.1,10,25,0,1,0,0,1,0,0,8,10,0,0,3,0,NA,NA,NA,NA,NA,1,NA,1,NA,NA,NA,NA,NA,NA,NA,NA,7,0,no,
10/11/2025,11/11/2025,old_embryos,10:23:26,CEABD,C6,38.1,10,24,1,0,0,1,0,0,1,2,8,0,1,1,0,NA,NA,NA,NA,NA,1,NA,6,0,0,0,0,NA,NA,NA,NA,5,2,no,
10/11/2025,11/11/2025,old_embryos,10:23:26,CEABD,C7,38.2,10,25,1,1,0,0,0,2,0,4,5,0,1,2,0,NA,NA,NA,NA,NA,1,NA,4,0,0,0,0,NA,NA,NA,NA,6,4,no,
10/11/2025,11/11/2025,old_embryos,10:23:26,CEABD,C8,39,10,26,0,4,0,0,0,0,0,3,8,0,1,0,3,NA,NA,NA,NA,NA,0,NA,2,2,0,1,0,NA,NA,NA,NA,15,2,no,
10/11/2025,11/11/2025,old_embryos,10:23:26,CEABD,C9,40,10,24,24,NA,NA,NA,NA,NA,NA,NA,NA,NA,NA,NA,NA,NA,NA,NA,NA,NA,NA,NA,NA,NA,NA,NA,NA,NA,NA,NA,NA,0,0,no,
10/11/2025,11/11/2025,old_embryos,10:23:26,CEABD,C10,40.7,10,25,25,NA,NA,NA,NA,NA,NA,NA,NA,NA,NA,NA,NA,NA,NA,NA,NA,NA,NA,NA,NA,NA,NA,NA,NA,NA,NA,NA,NA,0,0,no,
10/11/2025,11/11/2025,old_embryos,10:23:26,CEABD,D2,40.3,1,25,0,1,0,0,3,0,0,18,3,NA,NA,NA,NA,NA,NA,NA,NA,NA,NA,NA,NA,NA,NA,NA,NA,NA,NA,NA,NA,1,0,no,
10/11/2025,11/11/2025,old_embryos,10:23:26,CEABD,D3,39.1,1,26,0,0,0,0,11,0,0,11,4,NA,NA,NA,NA,NA,NA,NA,NA,NA,NA,NA,NA,NA,NA,NA,NA,NA,NA,NA,NA,1,0,no,
10/11/2025,11/11/2025,old_embryos,10:23:26,CEABD,D4,38.5,1,25,0,0,0,1,5,0,0,15,2,0,0,1,1,NA,NA,NA,NA,NA,NA,NA,NA,NA,NA,NA,NA,NA,NA,NA,NA,1,0,no,
10/11/2025,11/11/2025,old_embryos,10:23:26,CEABD,D5,38.1,1,24,0,1,1,2,3,1,0,6,7,0,0,1,0,NA,NA,NA,NA,NA,0,NA,0,0,0,0,0,NA,NA,NA,NA,1,2,no,
10/11/2025,11/11/2025,old_embryos,10:23:26,CEABD,D6,38.1,1,25,0,0,0,0,5,0,0,18,2,NA,NA,NA,NA,NA,NA,NA,NA,NA,NA,NA,NA,NA,NA,NA,NA,NA,NA,NA,NA,0,0,no,
10/11/2025,11/11/2025,old_embryos,10:23:26,CEABD,D7,38.2,1,24,0,0,0,0,13,0,NA,11,NA,NA,NA,NA,NA,NA,NA,NA,NA,NA,NA,NA,NA,NA,NA,NA,NA,NA,NA,NA,NA,0,0,no,
10/11/2025,11/11/2025,old_embryos,10:23:26,CEABD,D8,39,1,23,0,0,0,0,12,0,0,10,1,NA,NA,NA,NA,NA,NA,NA,NA,NA,NA,NA,NA,NA,NA,NA,NA,NA,NA,NA,NA,0,0,no,
10/11/2025,11/11/2025,old_embryos,10:23:26,CEABD,D9,40,1,28,0,0,0,0,10,0,0,16,2,NA,NA,NA,NA,NA,NA,NA,NA,NA,NA,NA,NA,NA,NA,NA,NA,NA,NA,NA,NA,1,0,no,
10/11/2025,11/11/2025,old_embryos,10:23:26,CEABD,D10,40.7,0.5,25,0,0,0,2,11,0,0,7,4,0,1,0,0,NA,NA,NA,NA,NA,NA,NA,NA,NA,NA,NA,NA,NA,NA,NA,NA,12,0,no,
10/11/2025,11/11/2025,old_embryos,10:23:26,CEABD,E2,40.3,10,24,24,NA,NA,NA,NA,NA,NA,NA,NA,NA,NA,NA,NA,NA,NA,NA,NA,NA,NA,NA,NA,NA,NA,NA,NA,NA,NA,NA,NA,0,0,no,
10/11/2025,11/11/2025,old_embryos,10:23:26,CEABD,E3,39.1,10,25,0,1,1,0,0,0,0,6,4,0,2,1,2,NA,NA,NA,NA,NA,1,NA,2,0,0,1,1,NA,NA,NA,NA,9,3,no,
10/11/2025,11/11/2025,old_embryos,10:23:26,CEABD,E4,38.5,10,25,0,0,0,0,1,0,1,12,3,0,1,0,0,NA,NA,NA,NA,NA,0,NA,1,0,0,1,2,NA,NA,NA,NA,7,3,no,
10/11/2025,11/11/2025,old_embryos,10:23:26,CEABD,E5,38.1,10,23,0,0,0,0,7,0,1,4,0,0,0,2,0,NA,NA,NA,NA,NA,0,NA,3,1,1,1,0,NA,NA,NA,NA,3,3,no,
10/11/2025,11/11/2025,old_embryos,10:23:26,CEABD,E7,38.2,10,24,0,0,2,0,1,1,1,9,2,1,0,3,0,NA,NA,NA,NA,NA,0,NA,1,0,0,1,0,NA,NA,NA,NA,4,2,no,
10/11/2025,11/11/2025,old_embryos,10:23:26,CEABD,E8,39,10,24,1,3,0,0,0,0,4,1,4,1,1,1,0,NA,NA,NA,NA,NA,1,NA,2,1,0,0,0,NA,NA,NA,NA,4,4,no,
10/11/2025,11/11/2025,old_embryos,10:23:26,CEABD,E9,40,10,25,25,NA,NA,NA,NA,NA,NA,NA,NA,NA,NA,NA,NA,NA,NA,NA,NA,NA,NA,NA,NA,NA,NA,NA,NA,NA,NA,NA,NA,0,0,no,
10/11/2025,11/11/2025,old_embryos,10:23:26,CEABD,Z1,NA,0,25,0,0,1,0,20,0,0,3,1,NA,NA,NA,NA,NA,NA,NA,NA,NA,NA,NA,NA,NA,NA,NA,NA,NA,NA,NA,NA,0,0,no,
10/11/2025,11/11/2025,old_embryos,10:23:26,CEABD,Z2,NA,0,25,0,0,0,0,14,0,0,8,1,0,0,0,0,NA,NA,NA,NA,NA,0,NA,2,NA,NA,NA,NA,NA,NA,NA,NA,1,0,no,
